CREATE DATABASE tecmis;
use tecmis;

CREATE TABLE user(
user_id VARCHAR(10),
firstName VARCHAR(20),
lastName VARCHAR(20),
email VARCHAR(50),
telephone VARCHAR(20),
password VARCHAR(255),
profie_picture VARCHAR(100),
PRIMARY KEY(user_id) 
);

INSERT INTO user VALUES
('AD001', 'Thilina', 'Perera', 'thilina@gmail.com', '0711234567', 'thilina@123', 'src/images/ad001.jpg'),

('LEC001', 'Nuwan', 'Laksiri', 'nuwan@gmail.com', '0712345678', 'nuwan@123', 'src/images/lec001.jpg'),
('LEC002', 'Shashitha', 'Lakal', 'lakal@gmail.com', '0713456789', 'lakal@123', 'src/images/lec002.jpg'),
('LEC003', 'Chanduni', 'Gamage', 'chanduni@gmail.com', '0714567891', 'chanduni@123', 'src/images/lec003.jpg'),
('LEC004', 'Akila', 'Brahmana', 'akila@gmail.com', '0715678912', 'akila@123', 'src/images/lec004.jpg'),
('LEC005', 'Rumeshika', 'Dilshani', 'rumeshika@gmail.com', '0716789123', 'rumeshika@123', 'src/images/lec005.jpg'),

('TO001', 'Janitha', 'Fernando', 'janitha@gmail.com', '0761234567', 'janitha@123', 'src/images/to001.jpg'),
('TO002', 'Nisal', 'Perera', 'nisal@gmail.com', '0762345678', 'nisal@123', 'src/images/to002.jpg'),
('TO003', 'Chalana', 'Dias', 'chalana@gmail.com', '0763456789', 'chalana@123', 'src/images/to003.jpg'),
('TO004', 'Isuru', 'Gamage', 'isuru@gmail.com', '0764567891', 'isuru@123', 'src/images/to004.jpg'),

('ST001', 'Kaveesha', 'Keshali', 'keshali@gmail.com', '0741234567', 'keshali@123', 'src/images/st001.jpg'),
('ST002', 'Kavindu', 'Disanayaka', 'kavindu@gmail.com', '0742345678', 'kavindu@123', 'src/images/st002.jpg'),
('ST003', 'Jayani', 'Madusha', 'jayani@gmail.com', '0743456789', 'jayani@123', 'src/images/st003.jpg'),
('ST004', 'Kolitha', 'Gayanath', 'kolitha@gmail.com', '0744567891', 'kolitha@123', 'src/images/st004.jpg'),
('ST005', 'Kavishan', 'Madushanka', 'kavishan@gmail.com', '0745678912', 'kavishan@123', 'src/images/st005.jpg'),
('ST006', 'Dilusha', 'Hasanjana', 'dilusha@gmail.com', '0746789123', 'dilusha@123', 'src/images/st006.jpg'),
('ST007', 'Isuru', 'Dhananjaya', 'isuru@gmail.com', '0747891234', 'isuru@123', 'src/images/st007.jpg'),
('ST008', 'Thimira', 'Anjula', 'thimira@gmail.com', '0748912345', 'thimira@123', 'src/images/st008.jpg'),
('ST009', 'Shanuka', 'Gamlath', 'shanuka@gmail.com', '0749123456', 'shanuka@123', 'src/images/st009.jpg'),
('ST010', 'Damindu', 'Theekshana', 'damindu@gmail.com', '0721234567', 'damindu@123', 'src/images/st010.jpg'),
('ST011', 'Sajith', 'Prasanna', 'prasanna@gmail.com', '0722345678', 'prasanna@123', 'src/images/st011.jpg'),
('ST012', 'Praveen', 'Dilshika', 'praveen@gmail.com', '0723456789', 'praveen@123', 'src/images/st012.jpg'),
('ST013', 'Vihanga', 'Thushan', 'vihanga@gmail.com', '0724567891', 'vihanga@123', 'src/images/st013.jpg'),
('ST014', 'Dedunu', 'Divyanjali', 'dedunu@gmail.com', '0725678912', 'dedunu@123', 'src/images/st014.jpg'),
('ST015', 'Shashini', 'Kaushalya', 'shashini@gmail.com', '0726789123', 'shashini@123', 'src/images/st015.jpg'),
('ST016', 'Methpani', 'Minupuma', 'methpani@gmail.com', '0727891234', 'methpani@123', 'src/images/st016.jpg'),
('ST017', 'Pamithi', 'Yapa', 'pamithi@gmail.com', '0728912345', 'pamithi@123', 'src/images/st017.jpg'),
('ST018', 'Nethmi', 'Hansika', 'hansika@gmail.com', '0729123456', 'hansika@123', 'src/images/st018.jpg'),
('ST019', 'Lahiru', 'Gunarathna', 'lahiru@gmail.com', '0751234567', 'lahiru@123', 'src/images/st019.jpg'),
('ST020', 'Yanusha', 'Adithya', 'yanusha@gmail.com', '0752345678', 'yanusha@123', 'src/images/st020.jpg');

CREATE TABLE admin(  
adminId VARCHAR(10) PRIMARY KEY
);

INSERT INTO admin (adminId)
SELECT user_id FROM user
WHERE user_id LIKE 'AD%';

CREATE TABLE lecturer(
lecId VARCHAR(10) PRIMARY KEY,
deptName VARCHAR(10),
position VARCHAR(30)
);

INSERT INTO lecturer (LecId, deptName, position) VALUES
('LEC001', 'ICT', 'Lecturer(Probationary)'),
('LEC002', 'ICT', 'Lecturer(Probationary)'),
('LEC003', 'ICT', 'Lecturer(Probationary)'),
('LEC004', 'ICT', 'Lecturer(Probationary)'),
('LEC005', 'ICT', 'Lecturer(Probationary)');

CREATE TABLE undergraduate(
stuId VARCHAR(10) primary key,
level INT
);

INSERT INTO undergraduate (stuId,level) VALUES 
('ST001','2'),
('ST002','2'),
('ST003','2'),
('ST004','2'),
('ST005','2'),
('ST006','2'),
('ST007','2'),
('ST008','2'),
('ST009','2'),
('ST010','2'),
('ST011','2'),
('ST012','2'),
('ST013','2'),
('ST014','2'),
('ST015','2'),
('ST016','2'),
('ST017','2'),
('ST018','2'),
('ST019','2'),
('ST020','2');
	
CREATE TABLE technical_officer(
techId VARCHAR(10) PRIMARY KEY,
deptName VARCHAR(10)
);

INSERT INTO technical_officer (techId)
SELECT user_id FROM user
WHERE user_id LIKE 'TO%';

UPDATE technical_officer SET deptName = 'ICT' WHERE techId = 'TO001' OR techId = 'TO002';
UPDATE technical_officer SET deptName = 'ET' WHERE techId = 'TO003';
UPDATE technical_officer SET deptName = 'BST' WHERE techId = 'TO004';

CREATE TABLE course(
course_code VARCHAR(10),
lecId VARCHAR(10),
title VARCHAR(80),
credit INT,
course_type ENUM('theory','practical','both'),
course_content varchar(200),
PRIMARY KEY(course_code)
);

INSERT INTO course VALUES
('ICT2113', 'LEC002', 'Data Structures and Algorithms', 3, 'both', 'https://www.google.com'),
('ICT2122', 'LEC001', 'Object Oriented Programming', 2, 'theory', 'https://www.google.com'),
('ICT2133', 'LEC005', 'Server Side Web Development', 3, 'both','https://www.google.com'),
('ICT2142', 'LEC003', 'Object Oriented Analysis and Design', 2, 'practical', 'https://www.google.com'),
('ICT2152', 'LEC004', 'E-Commerce Implementation, Management and Security', 2, 'theory', 'https://www.google.com');

ALTER TABLE admin
ADD FOREIGN KEY(adminId) REFERENCES user(user_id) ON UPDATE CASCADE;

ALTER TABLE lecturer
ADD FOREIGN KEY(lecId) REFERENCES user(user_id) ON UPDATE CASCADE;

ALTER TABLE undergraduate
ADD FOREIGN KEY(stuId) REFERENCES user(user_id) ON UPDATE CASCADE;

ALTER TABLE technical_officer
ADD FOREIGN KEY(techId) REFERENCES user(user_id) ON UPDATE CASCADE;

ALTER TABLE course
ADD FOREIGN KEY(lecId) REFERENCES lecturer(lecId) ON UPDATE CASCADE;

CREATE TABLE notice(
note_id CHAR(10),
adminId VARCHAR(10),
title VARCHAR(60),
published_Date DATE,
description VARCHAR(100),
PRIMARY KEY(note_id)
);

INSERT INTO notice VALUES
('N01', 'AD001', 'Sign for bursary installment for April 2025', '2025-04-10', 'apr25.txt'),
('N02', 'AD001', '2023/2024 semester 1 examination registration', '2025-04-11', 'registration.txt'),
('N03', 'AD001', 'regarding name changing', '2025-04-25', 'rename.txt'),
('N04', 'AD001', 'Sign for Bursary Installment March 2025', '2025-03-10', 'mar25.txt'),
('N05', 'AD001', 'Renewal of Registration for academic year 2024', '2025-02-15', 'renewal.txt');

ALTER TABLE notice
ADD FOREIGN KEY(adminId) REFERENCES admin(adminId) ON UPDATE CASCADE;

CREATE TABLE timetable(
ttId VARCHAR(5) PRIMARY KEY,
department VARCHAR(3),
courseCode VARCHAR(10),
sessionType ENUM('theory','practical'),
lecId VARCHAR(10),
day VARCHAR(10),
startTime TIME,
endTime TIME
);

INSERT INTO timetable VALUES
('TT001', 'ICT', 'ICT2113', 'theory', 'LEC002', 'Monday', '08:00:00', '12:00:00'),
('TT002', 'ICT', 'ICT2113', 'practical', 'LEC002', 'Monday', '13:00:00', '15:00:00'),
('TT003', 'ICT', 'ICT2122', 'theory', 'LEC001', 'Tuesday', '08:00:00', '10:00:00'),
('TT004', 'ICT', 'ICT2133', 'theory', 'LEC005', 'Wednesday', '08:00:00', '12:00:00'),
('TT005', 'ICT', 'ICT2133', 'practical', 'LEC005', 'Wednesday', '13:00:00', '15:00:00'),
('TT006', 'ICT', 'ICT2142', 'practical', 'LEC003', 'Thursday', '08:00:00', '12:00:00'),
('TT007', 'ICT', 'ICT2152', 'theory', 'LEC004', 'Friday', '08:00:00', '12:00:00');

ALTER TABLE attendance 
ADD FOREIGN KEY (courseCode) REFERENCES course(course_code) ON UPDATE CASCADE,
ADD FOREIGN KEY (lecId) REFERENCES lecturer(lecId) ON UPDATE CASCADE;

CREATE TABLE attendance(
atten_id INT AUTO_INCREMENT PRIMARY KEY,
techId VARCHAR(10),       
stuId VARCHAR(10),  
courseCode VARCHAR(10),
attenDate DATE,
session_type ENUM('theory','practical') NOT NULL,
atten_status ENUM('present','absent','medical') NOT NULL
);

INSERT INTO attendance (techId, stuId, courseCode, attenDate, session_type, atten_status) VALUES
('TO001', 'ST001', 'ICT2113', '2025-01-06', 'theory', 'present'),
('TO001', 'ST002', 'ICT2113', '2025-01-06', 'theory', 'present'),
('TO001', 'ST003', 'ICT2113', '2025-01-06', 'theory', 'present'),
('TO001', 'ST004', 'ICT2113', '2025-01-06', 'theory', 'present'),
('TO001', 'ST005', 'ICT2113', '2025-01-06', 'theory', 'present'),
('TO001', 'ST006', 'ICT2113', '2025-01-06', 'theory', 'present'),
('TO001', 'ST007', 'ICT2113', '2025-01-06', 'theory', 'present'),
('TO001', 'ST008', 'ICT2113', '2025-01-06', 'theory', 'present'),
('TO001', 'ST009', 'ICT2113', '2025-01-06', 'theory', 'present'),
('TO001', 'ST010', 'ICT2113', '2025-01-06', 'theory', 'present'),
('TO001', 'ST011', 'ICT2113', '2025-01-06', 'theory', 'present'),
('TO001', 'ST012', 'ICT2113', '2025-01-06', 'theory', 'present'),
('TO001', 'ST013', 'ICT2113', '2025-01-06', 'theory', 'present'),
('TO001', 'ST014', 'ICT2113', '2025-01-06', 'theory', 'present'),
('TO001', 'ST015', 'ICT2113', '2025-01-06', 'theory', 'present'),
('TO001', 'ST016', 'ICT2113', '2025-01-06', 'theory', 'present'),
('TO001', 'ST017', 'ICT2113', '2025-01-06', 'theory', 'present'),
('TO001', 'ST018', 'ICT2113', '2025-01-06', 'theory', 'present'),
('TO001', 'ST019', 'ICT2113', '2025-01-06', 'theory', 'present'),
('TO001', 'ST020', 'ICT2113', '2025-01-06', 'theory', 'present'),

('TO001', 'ST001', 'ICT2142', '2025-01-07', 'theory', 'present'),
('TO001', 'ST002', 'ICT2142', '2025-01-07', 'theory', 'present'),
('TO001', 'ST003', 'ICT2142', '2025-01-07', 'theory', 'present'),
('TO001', 'ST004', 'ICT2142', '2025-01-07', 'theory', 'present'),
('TO001', 'ST005', 'ICT2142', '2025-01-07', 'theory', 'present'),
('TO001', 'ST006', 'ICT2142', '2025-01-07', 'theory', 'present'),
('TO001', 'ST007', 'ICT2142', '2025-01-07', 'theory', 'present'),
('TO001', 'ST008', 'ICT2142', '2025-01-07', 'theory', 'present'),
('TO001', 'ST009', 'ICT2142', '2025-01-07', 'theory', 'absent'),
('TO001', 'ST010', 'ICT2142', '2025-01-07', 'theory', 'present'),
('TO001', 'ST011', 'ICT2142', '2025-01-07', 'theory', 'present'),
('TO001', 'ST012', 'ICT2142', '2025-01-07', 'theory', 'present'),
('TO001', 'ST013', 'ICT2142', '2025-01-07', 'theory', 'present'),
('TO001', 'ST014', 'ICT2142', '2025-01-07', 'theory', 'present'),
('TO001', 'ST015', 'ICT2142', '2025-01-07', 'theory', 'present'),
('TO001', 'ST016', 'ICT2142', '2025-01-07', 'theory', 'present'),
('TO001', 'ST017', 'ICT2142', '2025-01-07', 'theory', 'present'),
('TO001', 'ST018', 'ICT2142', '2025-01-07', 'theory', 'present'),
('TO001', 'ST019', 'ICT2142', '2025-01-07', 'theory', 'present'),
('TO001', 'ST020', 'ICT2142', '2025-01-07', 'theory', 'present'),

('TO001', 'ST001', 'ICT2152', '2025-01-08', 'theory', 'present'),
('TO001', 'ST002', 'ICT2152', '2025-01-08', 'theory', 'present'),
('TO001', 'ST003', 'ICT2152', '2025-01-08', 'theory', 'present'),
('TO001', 'ST004', 'ICT2152', '2025-01-08', 'theory', 'present'),
('TO001', 'ST005', 'ICT2152', '2025-01-08', 'theory', 'present'),
('TO001', 'ST006', 'ICT2152', '2025-01-08', 'theory', 'present'),
('TO001', 'ST007', 'ICT2152', '2025-01-08', 'theory', 'present'),
('TO001', 'ST008', 'ICT2152', '2025-01-08', 'theory', 'absent'),
('TO001', 'ST009', 'ICT2152', '2025-01-08', 'theory', 'present'),
('TO001', 'ST010', 'ICT2152', '2025-01-08', 'theory', 'present'),
('TO001', 'ST011', 'ICT2152', '2025-01-08', 'theory', 'present'),
('TO001', 'ST012', 'ICT2152', '2025-01-08', 'theory', 'present'),
('TO001', 'ST013', 'ICT2152', '2025-01-08', 'theory', 'present'),
('TO001', 'ST014', 'ICT2152', '2025-01-08', 'theory', 'present'),
('TO001', 'ST015', 'ICT2152', '2025-01-08', 'theory', 'present'),
('TO001', 'ST016', 'ICT2152', '2025-01-08', 'theory', 'present'),
('TO001', 'ST017', 'ICT2152', '2025-01-08', 'theory', 'present'),
('TO001', 'ST018', 'ICT2152', '2025-01-08', 'theory', 'present'),
('TO001', 'ST019', 'ICT2152', '2025-01-08', 'theory', 'present'),
('TO001', 'ST020', 'ICT2152', '2025-01-08', 'theory', 'absent'),

('TO001', 'ST001', 'ICT2122', '2025-01-09', 'theory', 'present'),
('TO001', 'ST002', 'ICT2122', '2025-01-09', 'theory', 'present'),
('TO001', 'ST003', 'ICT2122', '2025-01-09', 'theory', 'present'),
('TO001', 'ST004', 'ICT2122', '2025-01-09', 'theory', 'present'),
('TO001', 'ST005', 'ICT2122', '2025-01-09', 'theory', 'present'),
('TO001', 'ST006', 'ICT2122', '2025-01-09', 'theory', 'present'),
('TO001', 'ST007', 'ICT2122', '2025-01-09', 'theory', 'present'),
('TO001', 'ST008', 'ICT2122', '2025-01-09', 'theory', 'present'),
('TO001', 'ST009', 'ICT2122', '2025-01-09', 'theory', 'present'),
('TO001', 'ST010', 'ICT2122', '2025-01-09', 'theory', 'present'),
('TO001', 'ST011', 'ICT2122', '2025-01-09', 'theory', 'present'),
('TO001', 'ST012', 'ICT2122', '2025-01-09', 'theory', 'absent'),
('TO001', 'ST013', 'ICT2122', '2025-01-09', 'theory', 'present'),
('TO001', 'ST014', 'ICT2122', '2025-01-09', 'theory', 'present'),
('TO001', 'ST015', 'ICT2122', '2025-01-09', 'theory', 'present'),
('TO001', 'ST016', 'ICT2122', '2025-01-09', 'theory', 'present'),
('TO001', 'ST017', 'ICT2122', '2025-01-09', 'theory', 'present'),
('TO001', 'ST018', 'ICT2122', '2025-01-09', 'theory', 'absent'),
('TO001', 'ST019', 'ICT2122', '2025-01-09', 'theory', 'present'),
('TO001', 'ST020', 'ICT2122', '2025-01-09', 'theory', 'present'),

('TO001', 'ST001', 'ICT2133', '2025-01-10', 'theory', 'present'),
('TO001', 'ST002', 'ICT2133', '2025-01-10', 'theory', 'absent'),
('TO001', 'ST003', 'ICT2133', '2025-01-10', 'theory', 'present'),
('TO001', 'ST004', 'ICT2133', '2025-01-10', 'theory', 'present'),
('TO001', 'ST005', 'ICT2133', '2025-01-10', 'theory', 'present'),
('TO001', 'ST006', 'ICT2133', '2025-01-10', 'theory', 'present'),
('TO001', 'ST007', 'ICT2133', '2025-01-10', 'theory', 'present'),
('TO001', 'ST008', 'ICT2133', '2025-01-10', 'theory', 'present'),
('TO001', 'ST009', 'ICT2133', '2025-01-10', 'theory', 'present'),
('TO001', 'ST010', 'ICT2133', '2025-01-10', 'theory', 'present'),
('TO001', 'ST011', 'ICT2133', '2025-01-10', 'theory', 'present'),
('TO001', 'ST012', 'ICT2133', '2025-01-10', 'theory', 'present'),
('TO001', 'ST013', 'ICT2133', '2025-01-10', 'theory', 'present'),
('TO001', 'ST014', 'ICT2133', '2025-01-10', 'theory', 'present'),
('TO001', 'ST015', 'ICT2133', '2025-01-10', 'theory', 'present'),
('TO001', 'ST016', 'ICT2133', '2025-01-10', 'theory', 'present'),
('TO001', 'ST017', 'ICT2133', '2025-01-10', 'theory', 'present'),
('TO001', 'ST018', 'ICT2133', '2025-01-10', 'theory', 'present'),
('TO001', 'ST019', 'ICT2133', '2025-01-10', 'theory', 'present'),
('TO001', 'ST020', 'ICT2133', '2025-01-10', 'theory', 'present'),

('TO001', 'ST001', 'ICT2113', '2025-01-13', 'practical', 'present'),
('TO001', 'ST002', 'ICT2113', '2025-01-13', 'practical', 'present'),
('TO001', 'ST003', 'ICT2113', '2025-01-13', 'practical', 'present'),
('TO001', 'ST004', 'ICT2113', '2025-01-13', 'practical', 'present'),
('TO001', 'ST005', 'ICT2113', '2025-01-13', 'practical', 'present'),
('TO001', 'ST006', 'ICT2113', '2025-01-13', 'practical', 'present'),
('TO001', 'ST007', 'ICT2113', '2025-01-13', 'practical', 'present'),
('TO001', 'ST008', 'ICT2113', '2025-01-13', 'practical', 'present'),
('TO001', 'ST009', 'ICT2113', '2025-01-13', 'practical', 'present'),
('TO001', 'ST010', 'ICT2113', '2025-01-13', 'practical', 'present'),
('TO001', 'ST011', 'ICT2113', '2025-01-13', 'practical', 'present'),
('TO001', 'ST012', 'ICT2113', '2025-01-13', 'practical', 'present'),
('TO001', 'ST013', 'ICT2113', '2025-01-13', 'practical', 'present'),
('TO001', 'ST014', 'ICT2113', '2025-01-13', 'practical', 'present'),
('TO001', 'ST015', 'ICT2113', '2025-01-13', 'practical', 'present'),
('TO001', 'ST016', 'ICT2113', '2025-01-13', 'practical', 'present'),
('TO001', 'ST017', 'ICT2113', '2025-01-13', 'practical', 'present'),
('TO001', 'ST018', 'ICT2113', '2025-01-13', 'practical', 'present'),
('TO001', 'ST019', 'ICT2113', '2025-01-13', 'practical', 'present'),
('TO001', 'ST020', 'ICT2113', '2025-01-13', 'practical', 'present'),

('TO001', 'ST001', 'ICT2142', '2025-01-14', 'theory', 'present'),
('TO001', 'ST002', 'ICT2142', '2025-01-14', 'theory', 'present'),
('TO001', 'ST003', 'ICT2142', '2025-01-14', 'theory', 'present'),
('TO001', 'ST004', 'ICT2142', '2025-01-14', 'theory', 'present'),
('TO001', 'ST005', 'ICT2142', '2025-01-14', 'theory', 'present'),
('TO001', 'ST006', 'ICT2142', '2025-01-14', 'theory', 'absent'),
('TO001', 'ST007', 'ICT2142', '2025-01-14', 'theory', 'present'),
('TO001', 'ST008', 'ICT2142', '2025-01-14', 'theory', 'present'),
('TO001', 'ST009', 'ICT2142', '2025-01-14', 'theory', 'medical'),
('TO001', 'ST010', 'ICT2142', '2025-01-14', 'theory', 'present'),
('TO001', 'ST011', 'ICT2142', '2025-01-14', 'theory', 'present'),
('TO001', 'ST012', 'ICT2142', '2025-01-14', 'theory', 'present'),
('TO001', 'ST013', 'ICT2142', '2025-01-14', 'theory', 'present'),
('TO001', 'ST014', 'ICT2142', '2025-01-14', 'theory', 'present'),
('TO001', 'ST015', 'ICT2142', '2025-01-14', 'theory', 'present'),
('TO001', 'ST016', 'ICT2142', '2025-01-14', 'theory', 'present'),
('TO001', 'ST017', 'ICT2142', '2025-01-14', 'theory', 'present'),
('TO001', 'ST018', 'ICT2142', '2025-01-14', 'theory', 'present'),
('TO001', 'ST019', 'ICT2142', '2025-01-14', 'theory', 'present'),
('TO001', 'ST020', 'ICT2142', '2025-01-14', 'theory', 'present'),

('TO001', 'ST001', 'ICT2152', '2025-01-15', 'theory', 'present'),
('TO001', 'ST002', 'ICT2152', '2025-01-15', 'theory', 'present'),
('TO001', 'ST003', 'ICT2152', '2025-01-15', 'theory', 'present'),
('TO001', 'ST004', 'ICT2152', '2025-01-15', 'theory', 'present'),
('TO001', 'ST005', 'ICT2152', '2025-01-15', 'theory', 'present'),
('TO001', 'ST006', 'ICT2152', '2025-01-15', 'theory', 'present'),
('TO001', 'ST007', 'ICT2152', '2025-01-15', 'theory', 'present'),
('TO001', 'ST008', 'ICT2152', '2025-01-15', 'theory', 'present'),
('TO001', 'ST009', 'ICT2152', '2025-01-15', 'theory', 'present'),
('TO001', 'ST010', 'ICT2152', '2025-01-15', 'theory', 'present'),
('TO001', 'ST011', 'ICT2152', '2025-01-15', 'theory', 'present'),
('TO001', 'ST012', 'ICT2152', '2025-01-15', 'theory', 'present'),
('TO001', 'ST013', 'ICT2152', '2025-01-15', 'theory', 'present'),
('TO001', 'ST014', 'ICT2152', '2025-01-15', 'theory', 'present'),
('TO001', 'ST015', 'ICT2152', '2025-01-15', 'theory', 'present'),
('TO001', 'ST016', 'ICT2152', '2025-01-15', 'theory', 'present'),
('TO001', 'ST017', 'ICT2152', '2025-01-15', 'theory', 'present'),
('TO001', 'ST018', 'ICT2152', '2025-01-15', 'theory', 'present'),
('TO001', 'ST019', 'ICT2152', '2025-01-15', 'theory', 'present'),
('TO001', 'ST020', 'ICT2152', '2025-01-15', 'theory', 'present'),

('TO001', 'ST001', 'ICT2122', '2025-01-16', 'theory', 'present'),
('TO001', 'ST002', 'ICT2122', '2025-01-16', 'theory', 'present'),
('TO001', 'ST003', 'ICT2122', '2025-01-16', 'theory', 'present'),
('TO001', 'ST004', 'ICT2122', '2025-01-16', 'theory', 'present'),
('TO001', 'ST005', 'ICT2122', '2025-01-16', 'theory', 'present'),
('TO001', 'ST006', 'ICT2122', '2025-01-16', 'theory', 'present'),
('TO001', 'ST007', 'ICT2122', '2025-01-16', 'theory', 'present'),
('TO001', 'ST008', 'ICT2122', '2025-01-16', 'theory', 'present'),
('TO001', 'ST009', 'ICT2122', '2025-01-16', 'theory', 'present'),
('TO001', 'ST010', 'ICT2122', '2025-01-16', 'theory', 'present'),
('TO001', 'ST011', 'ICT2122', '2025-01-16', 'theory', 'present'),
('TO001', 'ST012', 'ICT2122', '2025-01-16', 'theory', 'medical'),
('TO001', 'ST013', 'ICT2122', '2025-01-16', 'theory', 'absent'),
('TO001', 'ST014', 'ICT2122', '2025-01-16', 'theory', 'present'),
('TO001', 'ST015', 'ICT2122', '2025-01-16', 'theory', 'present'),
('TO001', 'ST016', 'ICT2122', '2025-01-16', 'theory', 'present'),
('TO001', 'ST017', 'ICT2122', '2025-01-16', 'theory', 'present'),
('TO001', 'ST018', 'ICT2122', '2025-01-16', 'theory', 'present'),
('TO001', 'ST019', 'ICT2122', '2025-01-16', 'theory', 'absent'),
('TO001', 'ST020', 'ICT2122', '2025-01-16', 'theory', 'present'),

('TO001', 'ST001', 'ICT2133', '2025-01-17', 'practical', 'present'),
('TO001', 'ST002', 'ICT2133', '2025-01-17', 'practical', 'present'),
('TO001', 'ST003', 'ICT2133', '2025-01-17', 'practical', 'present'),
('TO001', 'ST004', 'ICT2133', '2025-01-17', 'practical', 'present'),
('TO001', 'ST005', 'ICT2133', '2025-01-17', 'practical', 'present'),
('TO001', 'ST006', 'ICT2133', '2025-01-17', 'practical', 'present'),
('TO001', 'ST007', 'ICT2133', '2025-01-17', 'practical', 'present'),
('TO001', 'ST008', 'ICT2133', '2025-01-17', 'practical', 'present'),
('TO001', 'ST009', 'ICT2133', '2025-01-17', 'practical', 'present'),
('TO001', 'ST010', 'ICT2133', '2025-01-17', 'practical', 'present'),
('TO001', 'ST011', 'ICT2133', '2025-01-17', 'practical', 'present'),
('TO001', 'ST012', 'ICT2133', '2025-01-17', 'practical', 'present'),
('TO001', 'ST013', 'ICT2133', '2025-01-17', 'practical', 'present'),
('TO001', 'ST014', 'ICT2133', '2025-01-17', 'practical', 'present'),
('TO001', 'ST015', 'ICT2133', '2025-01-17', 'practical', 'present'),
('TO001', 'ST016', 'ICT2133', '2025-01-17', 'practical', 'present'),
('TO001', 'ST017', 'ICT2133', '2025-01-17', 'practical', 'present'),
('TO001', 'ST018', 'ICT2133', '2025-01-17', 'practical', 'present'),
('TO001', 'ST019', 'ICT2133', '2025-01-17', 'practical', 'present'),
('TO001', 'ST020', 'ICT2133', '2025-01-17', 'practical', 'present'),

('TO002', 'ST001', 'ICT2113', '2025-01-20', 'theory', 'present'),
('TO002', 'ST002', 'ICT2113', '2025-01-20', 'theory', 'present'),
('TO002', 'ST003', 'ICT2113', '2025-01-20', 'theory', 'present'),
('TO002', 'ST004', 'ICT2113', '2025-01-20', 'theory', 'present'),
('TO002', 'ST005', 'ICT2113', '2025-01-20', 'theory', 'present'),
('TO002', 'ST006', 'ICT2113', '2025-01-20', 'theory', 'present'),
('TO002', 'ST007', 'ICT2113', '2025-01-20', 'theory', 'present'),
('TO002', 'ST008', 'ICT2113', '2025-01-20', 'theory', 'present'),
('TO002', 'ST009', 'ICT2113', '2025-01-20', 'theory', 'present'),
('TO002', 'ST010', 'ICT2113', '2025-01-20', 'theory', 'present'),
('TO002', 'ST011', 'ICT2113', '2025-01-20', 'theory', 'present'),
('TO002', 'ST012', 'ICT2113', '2025-01-20', 'theory', 'present'),
('TO002', 'ST013', 'ICT2113', '2025-01-20', 'theory', 'present'),
('TO002', 'ST014', 'ICT2113', '2025-01-20', 'theory', 'present'),
('TO002', 'ST015', 'ICT2113', '2025-01-20', 'theory', 'present'),
('TO002', 'ST016', 'ICT2113', '2025-01-20', 'theory', 'present'),
('TO002', 'ST017', 'ICT2113', '2025-01-20', 'theory', 'present'),
('TO002', 'ST018', 'ICT2113', '2025-01-20', 'theory', 'present'),
('TO002', 'ST019', 'ICT2113', '2025-01-20', 'theory', 'present'),
('TO002', 'ST020', 'ICT2113', '2025-01-20', 'theory', 'present'),

('TO002', 'ST001', 'ICT2142', '2025-01-21', 'theory', 'present'),
('TO002', 'ST002', 'ICT2142', '2025-01-21', 'theory', 'present'),
('TO002', 'ST003', 'ICT2142', '2025-01-21', 'theory', 'present'),
('TO002', 'ST004', 'ICT2142', '2025-01-21', 'theory', 'present'),
('TO002', 'ST005', 'ICT2142', '2025-01-21', 'theory', 'present'),
('TO002', 'ST006', 'ICT2142', '2025-01-21', 'theory', 'present'),
('TO002', 'ST007', 'ICT2142', '2025-01-21', 'theory', 'present'),
('TO002', 'ST008', 'ICT2142', '2025-01-21', 'theory', 'present'),
('TO002', 'ST009', 'ICT2142', '2025-01-21', 'theory', 'absent'),
('TO002', 'ST010', 'ICT2142', '2025-01-21', 'theory', 'present'),
('TO002', 'ST011', 'ICT2142', '2025-01-21', 'theory', 'present'),
('TO002', 'ST012', 'ICT2142', '2025-01-21', 'theory', 'present'),
('TO002', 'ST013', 'ICT2142', '2025-01-21', 'theory', 'present'),
('TO002', 'ST014', 'ICT2142', '2025-01-21', 'theory', 'present'),
('TO002', 'ST015', 'ICT2142', '2025-01-21', 'theory', 'present'),
('TO002', 'ST016', 'ICT2142', '2025-01-21', 'theory', 'present'),
('TO002', 'ST017', 'ICT2142', '2025-01-21', 'theory', 'present'),
('TO002', 'ST018', 'ICT2142', '2025-01-21', 'theory', 'present'),
('TO002', 'ST019', 'ICT2142', '2025-01-21', 'theory', 'present'),
('TO002', 'ST020', 'ICT2142', '2025-01-21', 'theory', 'present'),

('TO002', 'ST001', 'ICT2152', '2025-01-22', 'theory', 'present'),
('TO002', 'ST002', 'ICT2152', '2025-01-22', 'theory', 'present'),
('TO002', 'ST003', 'ICT2152', '2025-01-22', 'theory', 'present'),
('TO002', 'ST004', 'ICT2152', '2025-01-22', 'theory', 'present'),
('TO002', 'ST005', 'ICT2152', '2025-01-22', 'theory', 'present'),
('TO002', 'ST006', 'ICT2152', '2025-01-22', 'theory', 'present'),
('TO002', 'ST007', 'ICT2152', '2025-01-22', 'theory', 'present'),
('TO002', 'ST008', 'ICT2152', '2025-01-22', 'theory', 'present'),
('TO002', 'ST009', 'ICT2152', '2025-01-22', 'theory', 'present'),
('TO002', 'ST010', 'ICT2152', '2025-01-22', 'theory', 'present'),
('TO002', 'ST011', 'ICT2152', '2025-01-22', 'theory', 'present'),
('TO002', 'ST012', 'ICT2152', '2025-01-22', 'theory', 'present'),
('TO002', 'ST013', 'ICT2152', '2025-01-22', 'theory', 'present'),
('TO002', 'ST014', 'ICT2152', '2025-01-22', 'theory', 'present'),
('TO002', 'ST015', 'ICT2152', '2025-01-22', 'theory', 'present'),
('TO002', 'ST016', 'ICT2152', '2025-01-22', 'theory', 'present'),
('TO002', 'ST017', 'ICT2152', '2025-01-22', 'theory', 'present'),
('TO002', 'ST018', 'ICT2152', '2025-01-22', 'theory', 'present'),
('TO002', 'ST019', 'ICT2152', '2025-01-22', 'theory', 'present'),
('TO002', 'ST020', 'ICT2152', '2025-01-22', 'theory', 'present'),

('TO002', 'ST001', 'ICT2122', '2025-01-23', 'theory', 'present'),
('TO002', 'ST002', 'ICT2122', '2025-01-23', 'theory', 'present'),
('TO002', 'ST003', 'ICT2122', '2025-01-23', 'theory', 'present'),
('TO002', 'ST004', 'ICT2122', '2025-01-23', 'theory', 'present'),
('TO002', 'ST005', 'ICT2122', '2025-01-23', 'theory', 'present'),
('TO002', 'ST006', 'ICT2122', '2025-01-23', 'theory', 'present'),
('TO002', 'ST007', 'ICT2122', '2025-01-23', 'theory', 'present'),
('TO002', 'ST008', 'ICT2122', '2025-01-23', 'theory', 'present'),
('TO002', 'ST009', 'ICT2122', '2025-01-23', 'theory', 'present'),
('TO002', 'ST010', 'ICT2122', '2025-01-23', 'theory', 'present'),
('TO002', 'ST011', 'ICT2122', '2025-01-23', 'theory', 'present'),
('TO002', 'ST012', 'ICT2122', '2025-01-23', 'theory', 'absent'),
('TO002', 'ST013', 'ICT2122', '2025-01-23', 'theory', 'present'),
('TO002', 'ST014', 'ICT2122', '2025-01-23', 'theory', 'present'),
('TO002', 'ST015', 'ICT2122', '2025-01-23', 'theory', 'present'),
('TO002', 'ST016', 'ICT2122', '2025-01-23', 'theory', 'present'),
('TO002', 'ST017', 'ICT2122', '2025-01-23', 'theory', 'present'),
('TO002', 'ST018', 'ICT2122', '2025-01-23', 'theory', 'present'),
('TO002', 'ST019', 'ICT2122', '2025-01-23', 'theory', 'absent'),
('TO002', 'ST020', 'ICT2122', '2025-01-23', 'theory', 'present'),

('TO002', 'ST001', 'ICT2133', '2025-01-24', 'theory', 'present'),
('TO002', 'ST002', 'ICT2133', '2025-01-24', 'theory', 'present'),
('TO002', 'ST003', 'ICT2133', '2025-01-24', 'theory', 'present'),
('TO002', 'ST004', 'ICT2133', '2025-01-24', 'theory', 'present'),
('TO002', 'ST005', 'ICT2133', '2025-01-24', 'theory', 'present'),
('TO002', 'ST006', 'ICT2133', '2025-01-24', 'theory', 'present'),
('TO002', 'ST007', 'ICT2133', '2025-01-24', 'theory', 'present'),
('TO002', 'ST008', 'ICT2133', '2025-01-24', 'theory', 'present'),
('TO002', 'ST009', 'ICT2133', '2025-01-24', 'theory', 'present'),
('TO002', 'ST010', 'ICT2133', '2025-01-24', 'theory', 'present'),
('TO002', 'ST011', 'ICT2133', '2025-01-24', 'theory', 'present'),
('TO002', 'ST012', 'ICT2133', '2025-01-24', 'theory', 'present'),
('TO002', 'ST013', 'ICT2133', '2025-01-24', 'theory', 'present'),
('TO002', 'ST014', 'ICT2133', '2025-01-24', 'theory', 'present'),
('TO002', 'ST015', 'ICT2133', '2025-01-24', 'theory', 'present'),
('TO002', 'ST016', 'ICT2133', '2025-01-24', 'theory', 'present'),
('TO002', 'ST017', 'ICT2133', '2025-01-24', 'theory', 'present'),
('TO002', 'ST018', 'ICT2133', '2025-01-24', 'theory', 'present'),
('TO002', 'ST019', 'ICT2133', '2025-01-24', 'theory', 'present'),
('TO002', 'ST020', 'ICT2133', '2025-01-24', 'theory', 'present'),

('TO002', 'ST001', 'ICT2113', '2025-01-27', 'practical', 'present'),
('TO002', 'ST002', 'ICT2113', '2025-01-27', 'practical', 'present'),
('TO002', 'ST003', 'ICT2113', '2025-01-27', 'practical', 'present'),
('TO002', 'ST004', 'ICT2113', '2025-01-27', 'practical', 'present'),
('TO002', 'ST005', 'ICT2113', '2025-01-27', 'practical', 'present'),
('TO002', 'ST006', 'ICT2113', '2025-01-27', 'practical', 'present'),
('TO002', 'ST007', 'ICT2113', '2025-01-27', 'practical', 'present'),
('TO002', 'ST008', 'ICT2113', '2025-01-27', 'practical', 'present'),
('TO002', 'ST009', 'ICT2113', '2025-01-27', 'practical', 'present'),
('TO002', 'ST010', 'ICT2113', '2025-01-27', 'practical', 'present'),
('TO002', 'ST011', 'ICT2113', '2025-01-27', 'practical', 'present'),
('TO002', 'ST012', 'ICT2113', '2025-01-27', 'practical', 'present'),
('TO002', 'ST013', 'ICT2113', '2025-01-27', 'practical', 'present'),
('TO002', 'ST014', 'ICT2113', '2025-01-27', 'practical', 'present'),
('TO002', 'ST015', 'ICT2113', '2025-01-27', 'practical', 'present'),
('TO002', 'ST016', 'ICT2113', '2025-01-27', 'practical', 'present'),
('TO002', 'ST017', 'ICT2113', '2025-01-27', 'practical', 'present'),
('TO002', 'ST018', 'ICT2113', '2025-01-27', 'practical', 'present'),
('TO002', 'ST019', 'ICT2113', '2025-01-27', 'practical', 'present'),
('TO002', 'ST020', 'ICT2113', '2025-01-27', 'practical', 'present'),

('TO002', 'ST001', 'ICT2142', '2025-01-28', 'theory', 'present'),
('TO002', 'ST002', 'ICT2142', '2025-01-28', 'theory', 'present'),
('TO002', 'ST003', 'ICT2142', '2025-01-28', 'theory', 'present'),
('TO002', 'ST004', 'ICT2142', '2025-01-28', 'theory', 'present'),
('TO002', 'ST005', 'ICT2142', '2025-01-28', 'theory', 'present'),
('TO002', 'ST006', 'ICT2142', '2025-01-28', 'theory', 'absent'),
('TO002', 'ST007', 'ICT2142', '2025-01-28', 'theory', 'present'),
('TO002', 'ST008', 'ICT2142', '2025-01-28', 'theory', 'present'),
('TO002', 'ST009', 'ICT2142', '2025-01-28', 'theory', 'present'),
('TO002', 'ST010', 'ICT2142', '2025-01-28', 'theory', 'present'),
('TO002', 'ST011', 'ICT2142', '2025-01-28', 'theory', 'present'),
('TO002', 'ST012', 'ICT2142', '2025-01-28', 'theory', 'present'),
('TO002', 'ST013', 'ICT2142', '2025-01-28', 'theory', 'present'),
('TO002', 'ST014', 'ICT2142', '2025-01-28', 'theory', 'present'),
('TO002', 'ST015', 'ICT2142', '2025-01-28', 'theory', 'present'),
('TO002', 'ST016', 'ICT2142', '2025-01-28', 'theory', 'present'),
('TO002', 'ST017', 'ICT2142', '2025-01-28', 'theory', 'present'),
('TO002', 'ST018', 'ICT2142', '2025-01-28', 'theory', 'present'),
('TO002', 'ST019', 'ICT2142', '2025-01-28', 'theory', 'present'),
('TO002', 'ST020', 'ICT2142', '2025-01-28', 'theory', 'present'),

('TO002', 'ST001', 'ICT2152', '2025-01-29', 'theory', 'present'),
('TO002', 'ST002', 'ICT2152', '2025-01-29', 'theory', 'present'),
('TO002', 'ST003', 'ICT2152', '2025-01-29', 'theory', 'present'),
('TO002', 'ST004', 'ICT2152', '2025-01-29', 'theory', 'present'),
('TO002', 'ST005', 'ICT2152', '2025-01-29', 'theory', 'present'),
('TO002', 'ST006', 'ICT2152', '2025-01-29', 'theory', 'present'),
('TO002', 'ST007', 'ICT2152', '2025-01-29', 'theory', 'present'),
('TO002', 'ST008', 'ICT2152', '2025-01-29', 'theory', 'absent'),
('TO002', 'ST009', 'ICT2152', '2025-01-29', 'theory', 'present'),
('TO002', 'ST010', 'ICT2152', '2025-01-29', 'theory', 'present'),
('TO002', 'ST011', 'ICT2152', '2025-01-29', 'theory', 'present'),
('TO002', 'ST012', 'ICT2152', '2025-01-29', 'theory', 'present'),
('TO002', 'ST013', 'ICT2152', '2025-01-29', 'theory', 'present'),
('TO002', 'ST014', 'ICT2152', '2025-01-29', 'theory', 'present'),
('TO002', 'ST015', 'ICT2152', '2025-01-29', 'theory', 'present'),
('TO002', 'ST016', 'ICT2152', '2025-01-29', 'theory', 'present'),
('TO002', 'ST017', 'ICT2152', '2025-01-29', 'theory', 'present'),
('TO002', 'ST018', 'ICT2152', '2025-01-29', 'theory', 'present'),
('TO002', 'ST019', 'ICT2152', '2025-01-29', 'theory', 'present'),
('TO002', 'ST020', 'ICT2152', '2025-01-29', 'theory', 'present'),

('TO002', 'ST001', 'ICT2122', '2025-01-30', 'theory', 'present'),
('TO002', 'ST002', 'ICT2122', '2025-01-30', 'theory', 'present'),
('TO002', 'ST003', 'ICT2122', '2025-01-30', 'theory', 'present'),
('TO002', 'ST004', 'ICT2122', '2025-01-30', 'theory', 'present'),
('TO002', 'ST005', 'ICT2122', '2025-01-30', 'theory', 'present'),
('TO002', 'ST006', 'ICT2122', '2025-01-30', 'theory', 'present'),
('TO002', 'ST007', 'ICT2122', '2025-01-30', 'theory', 'present'),
('TO002', 'ST008', 'ICT2122', '2025-01-30', 'theory', 'present'),
('TO002', 'ST009', 'ICT2122', '2025-01-30', 'theory', 'present'),
('TO002', 'ST010', 'ICT2122', '2025-01-30', 'theory', 'present'),
('TO002', 'ST011', 'ICT2122', '2025-01-30', 'theory', 'present'),
('TO002', 'ST012', 'ICT2122', '2025-01-30', 'theory', 'present'),
('TO002', 'ST013', 'ICT2122', '2025-01-30', 'theory', 'present'),
('TO002', 'ST014', 'ICT2122', '2025-01-30', 'theory', 'present'),
('TO002', 'ST015', 'ICT2122', '2025-01-30', 'theory', 'present'),
('TO002', 'ST016', 'ICT2122', '2025-01-30', 'theory', 'present'),
('TO002', 'ST017', 'ICT2122', '2025-01-30', 'theory', 'present'),
('TO002', 'ST018', 'ICT2122', '2025-01-30', 'theory', 'absent'),
('TO002', 'ST019', 'ICT2122', '2025-01-30', 'theory', 'absent'),
('TO002', 'ST020', 'ICT2122', '2025-01-30', 'theory', 'present'),

('TO002', 'ST001', 'ICT2133', '2025-01-31', 'practical', 'present'),
('TO002', 'ST002', 'ICT2133', '2025-01-31', 'practical', 'absent'),
('TO002', 'ST003', 'ICT2133', '2025-01-31', 'practical', 'present'),
('TO002', 'ST004', 'ICT2133', '2025-01-31', 'practical', 'present'),
('TO002', 'ST005', 'ICT2133', '2025-01-31', 'practical', 'present'),
('TO002', 'ST006', 'ICT2133', '2025-01-31', 'practical', 'present'),
('TO002', 'ST007', 'ICT2133', '2025-01-31', 'practical', 'present'),
('TO002', 'ST008', 'ICT2133', '2025-01-31', 'practical', 'present'),
('TO002', 'ST009', 'ICT2133', '2025-01-31', 'practical', 'present'),
('TO002', 'ST010', 'ICT2133', '2025-01-31', 'practical', 'present'),
('TO002', 'ST011', 'ICT2133', '2025-01-31', 'practical', 'present'),
('TO002', 'ST012', 'ICT2133', '2025-01-31', 'practical', 'present'),
('TO002', 'ST013', 'ICT2133', '2025-01-31', 'practical', 'present'),
('TO002', 'ST014', 'ICT2133', '2025-01-31', 'practical', 'present'),
('TO002', 'ST015', 'ICT2133', '2025-01-31', 'practical', 'present'),
('TO002', 'ST016', 'ICT2133', '2025-01-31', 'practical', 'present'),
('TO002', 'ST017', 'ICT2133', '2025-01-31', 'practical', 'present'),
('TO002', 'ST018', 'ICT2133', '2025-01-31', 'practical', 'present'),
('TO002', 'ST019', 'ICT2133', '2025-01-31', 'practical', 'present'),
('TO002', 'ST020', 'ICT2133', '2025-01-31', 'practical', 'present'),

('TO002', 'ST001', 'ICT2113', '2025-02-03', 'theory', 'present'),
('TO002', 'ST002', 'ICT2113', '2025-02-03', 'theory', 'present'),
('TO002', 'ST003', 'ICT2113', '2025-02-03', 'theory', 'present'),
('TO002', 'ST004', 'ICT2113', '2025-02-03', 'theory', 'present'),
('TO002', 'ST005', 'ICT2113', '2025-02-03', 'theory', 'present'),
('TO002', 'ST006', 'ICT2113', '2025-02-03', 'theory', 'present'),
('TO002', 'ST007', 'ICT2113', '2025-02-03', 'theory', 'present'),
('TO002', 'ST008', 'ICT2113', '2025-02-03', 'theory', 'present'),
('TO002', 'ST009', 'ICT2113', '2025-02-03', 'theory', 'present'),
('TO002', 'ST010', 'ICT2113', '2025-02-03', 'theory', 'present'),
('TO002', 'ST011', 'ICT2113', '2025-02-03', 'theory', 'present'),
('TO002', 'ST012', 'ICT2113', '2025-02-03', 'theory', 'present'),
('TO002', 'ST013', 'ICT2113', '2025-02-03', 'theory', 'present'),
('TO002', 'ST014', 'ICT2113', '2025-02-03', 'theory', 'present'),
('TO002', 'ST015', 'ICT2113', '2025-02-03', 'theory', 'present'),
('TO002', 'ST016', 'ICT2113', '2025-02-03', 'theory', 'present'),
('TO002', 'ST017', 'ICT2113', '2025-02-03', 'theory', 'present'),
('TO002', 'ST018', 'ICT2113', '2025-02-03', 'theory', 'present'),
('TO002', 'ST019', 'ICT2113', '2025-02-03', 'theory', 'present'),
('TO002', 'ST020', 'ICT2113', '2025-02-03', 'theory', 'present'),

('TO002', 'ST001', 'ICT2142', '2025-02-04', 'theory', 'present'),
('TO002', 'ST002', 'ICT2142', '2025-02-04', 'theory', 'present'),
('TO002', 'ST003', 'ICT2142', '2025-02-04', 'theory', 'present'),
('TO002', 'ST004', 'ICT2142', '2025-02-04', 'theory', 'present'),
('TO002', 'ST005', 'ICT2142', '2025-02-04', 'theory', 'present'),
('TO002', 'ST006', 'ICT2142', '2025-02-04', 'theory', 'absent'),
('TO002', 'ST007', 'ICT2142', '2025-02-04', 'theory', 'present'),
('TO002', 'ST008', 'ICT2142', '2025-02-04', 'theory', 'present'),
('TO002', 'ST009', 'ICT2142', '2025-02-04', 'theory', 'present'),
('TO002', 'ST010', 'ICT2142', '2025-02-04', 'theory', 'present'),
('TO002', 'ST011', 'ICT2142', '2025-02-04', 'theory', 'present'),
('TO002', 'ST012', 'ICT2142', '2025-02-04', 'theory', 'present'),
('TO002', 'ST013', 'ICT2142', '2025-02-04', 'theory', 'present'),
('TO002', 'ST014', 'ICT2142', '2025-02-04', 'theory', 'present'),
('TO002', 'ST015', 'ICT2142', '2025-02-04', 'theory', 'present'),
('TO002', 'ST016', 'ICT2142', '2025-02-04', 'theory', 'present'),
('TO002', 'ST017', 'ICT2142', '2025-02-04', 'theory', 'present'),
('TO002', 'ST018', 'ICT2142', '2025-02-04', 'theory', 'present'),
('TO002', 'ST019', 'ICT2142', '2025-02-04', 'theory', 'present'),
('TO002', 'ST020', 'ICT2142', '2025-02-04', 'theory', 'present'),

('TO002', 'ST001', 'ICT2152', '2025-02-05', 'theory', 'present'),
('TO002', 'ST002', 'ICT2152', '2025-02-05', 'theory', 'present'),
('TO002', 'ST003', 'ICT2152', '2025-02-05', 'theory', 'present'),
('TO002', 'ST004', 'ICT2152', '2025-02-05', 'theory', 'present'),
('TO002', 'ST005', 'ICT2152', '2025-02-05', 'theory', 'present'),
('TO002', 'ST006', 'ICT2152', '2025-02-05', 'theory', 'present'),
('TO002', 'ST007', 'ICT2152', '2025-02-05', 'theory', 'present'),
('TO002', 'ST008', 'ICT2152', '2025-02-05', 'theory', 'absent'),
('TO002', 'ST009', 'ICT2152', '2025-02-05', 'theory', 'present'),
('TO002', 'ST010', 'ICT2152', '2025-02-05', 'theory', 'present'),
('TO002', 'ST011', 'ICT2152', '2025-02-05', 'theory', 'present'),
('TO002', 'ST012', 'ICT2152', '2025-02-05', 'theory', 'present'),
('TO002', 'ST013', 'ICT2152', '2025-02-05', 'theory', 'present'),
('TO002', 'ST014', 'ICT2152', '2025-02-05', 'theory', 'present'),
('TO002', 'ST015', 'ICT2152', '2025-02-05', 'theory', 'present'),
('TO002', 'ST016', 'ICT2152', '2025-02-05', 'theory', 'present'),
('TO002', 'ST017', 'ICT2152', '2025-02-05', 'theory', 'present'),
('TO002', 'ST018', 'ICT2152', '2025-02-05', 'theory', 'present'),
('TO002', 'ST019', 'ICT2152', '2025-02-05', 'theory', 'present'),
('TO002', 'ST020', 'ICT2152', '2025-02-05', 'theory', 'absent'),

('TO002', 'ST001', 'ICT2122', '2025-02-06', 'theory', 'present'),
('TO002', 'ST002', 'ICT2122', '2025-02-06', 'theory', 'present'),
('TO002', 'ST003', 'ICT2122', '2025-02-06', 'theory', 'present'),
('TO002', 'ST004', 'ICT2122', '2025-02-06', 'theory', 'present'),
('TO002', 'ST005', 'ICT2122', '2025-02-06', 'theory', 'present'),
('TO002', 'ST006', 'ICT2122', '2025-02-06', 'theory', 'present'),
('TO002', 'ST007', 'ICT2122', '2025-02-06', 'theory', 'present'),
('TO002', 'ST008', 'ICT2122', '2025-02-06', 'theory', 'present'),
('TO002', 'ST009', 'ICT2122', '2025-02-06', 'theory', 'present'),
('TO002', 'ST010', 'ICT2122', '2025-02-06', 'theory', 'present'),
('TO002', 'ST011', 'ICT2122', '2025-02-06', 'theory', 'present'),
('TO002', 'ST012', 'ICT2122', '2025-02-06', 'theory', 'absent'),
('TO002', 'ST013', 'ICT2122', '2025-02-06', 'theory', 'absent'),
('TO002', 'ST014', 'ICT2122', '2025-02-06', 'theory', 'present'),
('TO002', 'ST015', 'ICT2122', '2025-02-06', 'theory', 'present'),
('TO002', 'ST016', 'ICT2122', '2025-02-06', 'theory', 'present'),
('TO002', 'ST017', 'ICT2122', '2025-02-06', 'theory', 'present'),
('TO002', 'ST018', 'ICT2122', '2025-02-06', 'theory', 'present'),
('TO002', 'ST019', 'ICT2122', '2025-02-06', 'theory', 'present'),
('TO002', 'ST020', 'ICT2122', '2025-02-06', 'theory', 'present'),

('TO002', 'ST001', 'ICT2133', '2025-02-07', 'theory', 'present'),
('TO002', 'ST002', 'ICT2133', '2025-02-07', 'theory', 'present'),
('TO002', 'ST003', 'ICT2133', '2025-02-07', 'theory', 'present'),
('TO002', 'ST004', 'ICT2133', '2025-02-07', 'theory', 'present'),
('TO002', 'ST005', 'ICT2133', '2025-02-07', 'theory', 'present'),
('TO002', 'ST006', 'ICT2133', '2025-02-07', 'theory', 'present'),
('TO002', 'ST007', 'ICT2133', '2025-02-07', 'theory', 'present'),
('TO002', 'ST008', 'ICT2133', '2025-02-07', 'theory', 'present'),
('TO002', 'ST009', 'ICT2133', '2025-02-07', 'theory', 'present'),
('TO002', 'ST010', 'ICT2133', '2025-02-07', 'theory', 'present'),
('TO002', 'ST011', 'ICT2133', '2025-02-07', 'theory', 'present'),
('TO002', 'ST012', 'ICT2133', '2025-02-07', 'theory', 'present'),
('TO002', 'ST013', 'ICT2133', '2025-02-07', 'theory', 'present'),
('TO002', 'ST014', 'ICT2133', '2025-02-07', 'theory', 'present'),
('TO002', 'ST015', 'ICT2133', '2025-02-07', 'theory', 'present'),
('TO002', 'ST016', 'ICT2133', '2025-02-07', 'theory', 'present'),
('TO002', 'ST017', 'ICT2133', '2025-02-07', 'theory', 'present'),
('TO002', 'ST018', 'ICT2133', '2025-02-07', 'theory', 'present'),
('TO002', 'ST019', 'ICT2133', '2025-02-07', 'theory', 'present'),
('TO002', 'ST020', 'ICT2133', '2025-02-07', 'theory', 'present'),

('TO002', 'ST001', 'ICT2113', '2025-02-10', 'practical', 'present'),
('TO002', 'ST002', 'ICT2113', '2025-02-10', 'practical', 'present'),
('TO002', 'ST003', 'ICT2113', '2025-02-10', 'practical', 'present'),
('TO002', 'ST004', 'ICT2113', '2025-02-10', 'practical', 'present'),
('TO002', 'ST005', 'ICT2113', '2025-02-10', 'practical', 'present'),
('TO002', 'ST006', 'ICT2113', '2025-02-10', 'practical', 'present'),
('TO002', 'ST007', 'ICT2113', '2025-02-10', 'practical', 'present'),
('TO002', 'ST008', 'ICT2113', '2025-02-10', 'practical', 'present'),
('TO002', 'ST009', 'ICT2113', '2025-02-10', 'practical', 'present'),
('TO002', 'ST010', 'ICT2113', '2025-02-10', 'practical', 'present'),
('TO002', 'ST011', 'ICT2113', '2025-02-10', 'practical', 'present'),
('TO002', 'ST012', 'ICT2113', '2025-02-10', 'practical', 'present'),
('TO002', 'ST013', 'ICT2113', '2025-02-10', 'practical', 'present'),
('TO002', 'ST014', 'ICT2113', '2025-02-10', 'practical', 'present'),
('TO002', 'ST015', 'ICT2113', '2025-02-10', 'practical', 'present'),
('TO002', 'ST016', 'ICT2113', '2025-02-10', 'practical', 'present'),
('TO002', 'ST017', 'ICT2113', '2025-02-10', 'practical', 'present'),
('TO002', 'ST018', 'ICT2113', '2025-02-10', 'practical', 'present'),
('TO002', 'ST019', 'ICT2113', '2025-02-10', 'practical', 'present'),
('TO002', 'ST020', 'ICT2113', '2025-02-10', 'practical', 'present'),

('TO002', 'ST001', 'ICT2142', '2025-02-11', 'theory', 'present'),
('TO002', 'ST002', 'ICT2142', '2025-02-11', 'theory', 'present'),
('TO002', 'ST003', 'ICT2142', '2025-02-11', 'theory', 'present'),
('TO002', 'ST004', 'ICT2142', '2025-02-11', 'theory', 'present'),
('TO002', 'ST005', 'ICT2142', '2025-02-11', 'theory', 'present'),
('TO002', 'ST006', 'ICT2142', '2025-02-11', 'theory', 'present'),
('TO002', 'ST007', 'ICT2142', '2025-02-11', 'theory', 'present'),
('TO002', 'ST008', 'ICT2142', '2025-02-11', 'theory', 'present'),
('TO002', 'ST009', 'ICT2142', '2025-02-11', 'theory', 'absent'),
('TO002', 'ST010', 'ICT2142', '2025-02-11', 'theory', 'present'),
('TO002', 'ST011', 'ICT2142', '2025-02-11', 'theory', 'present'),
('TO002', 'ST012', 'ICT2142', '2025-02-11', 'theory', 'present'),
('TO002', 'ST013', 'ICT2142', '2025-02-11', 'theory', 'present'),
('TO002', 'ST014', 'ICT2142', '2025-02-11', 'theory', 'present'),
('TO002', 'ST015', 'ICT2142', '2025-02-11', 'theory', 'present'),
('TO002', 'ST016', 'ICT2142', '2025-02-11', 'theory', 'present'),
('TO002', 'ST017', 'ICT2142', '2025-02-11', 'theory', 'present'),
('TO002', 'ST018', 'ICT2142', '2025-02-11', 'theory', 'present'),
('TO002', 'ST019', 'ICT2142', '2025-02-11', 'theory', 'present'),
('TO002', 'ST020', 'ICT2142', '2025-02-11', 'theory', 'present'),

('TO002', 'ST001', 'ICT2152', '2025-02-12', 'theory', 'present'),
('TO002', 'ST002', 'ICT2152', '2025-02-12', 'theory', 'present'),
('TO002', 'ST003', 'ICT2152', '2025-02-12', 'theory', 'present'),
('TO002', 'ST004', 'ICT2152', '2025-02-12', 'theory', 'present'),
('TO002', 'ST005', 'ICT2152', '2025-02-12', 'theory', 'present'),
('TO002', 'ST006', 'ICT2152', '2025-02-12', 'theory', 'present'),
('TO002', 'ST007', 'ICT2152', '2025-02-12', 'theory', 'present'),
('TO002', 'ST008', 'ICT2152', '2025-02-12', 'theory', 'absent'),
('TO002', 'ST009', 'ICT2152', '2025-02-12', 'theory', 'present'),
('TO002', 'ST010', 'ICT2152', '2025-02-12', 'theory', 'present'),
('TO002', 'ST011', 'ICT2152', '2025-02-12', 'theory', 'present'),
('TO002', 'ST012', 'ICT2152', '2025-02-12', 'theory', 'present'),
('TO002', 'ST013', 'ICT2152', '2025-02-12', 'theory', 'present'),
('TO002', 'ST014', 'ICT2152', '2025-02-12', 'theory', 'present'),
('TO002', 'ST015', 'ICT2152', '2025-02-12', 'theory', 'present'),
('TO002', 'ST016', 'ICT2152', '2025-02-12', 'theory', 'present'),
('TO002', 'ST017', 'ICT2152', '2025-02-12', 'theory', 'present'),
('TO002', 'ST018', 'ICT2152', '2025-02-12', 'theory', 'present'),
('TO002', 'ST019', 'ICT2152', '2025-02-12', 'theory', 'present'),
('TO002', 'ST018', 'ICT2152', '2025-02-12', 'theory', 'present'),
('TO002', 'ST019', 'ICT2152', '2025-02-12', 'theory', 'present'),
('TO002', 'ST020', 'ICT2152', '2025-02-12', 'theory', 'absent'),

('TO002', 'ST001', 'ICT2122', '2025-02-13', 'theory', 'absent'),
('TO002', 'ST002', 'ICT2122', '2025-02-13', 'theory', 'present'),
('TO002', 'ST003', 'ICT2122', '2025-02-13', 'theory', 'present'),
('TO002', 'ST004', 'ICT2122', '2025-02-13', 'theory', 'present'),
('TO002', 'ST005', 'ICT2122', '2025-02-13', 'theory', 'present'),
('TO002', 'ST006', 'ICT2122', '2025-02-13', 'theory', 'present'),
('TO002', 'ST007', 'ICT2122', '2025-02-13', 'theory', 'present'),
('TO002', 'ST008', 'ICT2122', '2025-02-13', 'theory', 'present'),
('TO002', 'ST009', 'ICT2122', '2025-02-13', 'theory', 'present'),
('TO002', 'ST010', 'ICT2122', '2025-02-13', 'theory', 'present'),
('TO002', 'ST011', 'ICT2122', '2025-02-13', 'theory', 'present'),
('TO002', 'ST012', 'ICT2122', '2025-02-13', 'theory', 'absent'),
('TO002', 'ST013', 'ICT2122', '2025-02-13', 'theory', 'medical'),
('TO002', 'ST014', 'ICT2122', '2025-02-13', 'theory', 'present'),
('TO002', 'ST015', 'ICT2122', '2025-02-13', 'theory', 'present'),
('TO002', 'ST016', 'ICT2122', '2025-02-13', 'theory', 'present'),
('TO002', 'ST017', 'ICT2122', '2025-02-13', 'theory', 'present'),
('TO002', 'ST018', 'ICT2122', '2025-02-13', 'theory', 'present'),
('TO002', 'ST019', 'ICT2122', '2025-02-13', 'theory', 'present'),
('TO002', 'ST020', 'ICT2122', '2025-02-13', 'theory', 'present'),

('TO002', 'ST001', 'ICT2133', '2025-02-14', 'practical', 'present'),
('TO002', 'ST002', 'ICT2133', '2025-02-14', 'practical', 'present'),
('TO002', 'ST003', 'ICT2133', '2025-02-14', 'practical', 'present'),
('TO002', 'ST004', 'ICT2133', '2025-02-14', 'practical', 'present'),
('TO002', 'ST005', 'ICT2133', '2025-02-14', 'practical', 'present'),
('TO002', 'ST006', 'ICT2133', '2025-02-14', 'practical', 'present'),
('TO002', 'ST007', 'ICT2133', '2025-02-14', 'practical', 'present'),
('TO002', 'ST008', 'ICT2133', '2025-02-14', 'practical', 'present'),
('TO002', 'ST009', 'ICT2133', '2025-02-14', 'practical', 'present'),
('TO002', 'ST010', 'ICT2133', '2025-02-14', 'practical', 'present'),
('TO002', 'ST011', 'ICT2133', '2025-02-14', 'practical', 'present'),
('TO002', 'ST012', 'ICT2133', '2025-02-14', 'practical', 'present'),
('TO002', 'ST013', 'ICT2133', '2025-02-14', 'practical', 'present'),
('TO002', 'ST014', 'ICT2133', '2025-02-14', 'practical', 'present'),
('TO002', 'ST015', 'ICT2133', '2025-02-14', 'practical', 'present'),
('TO002', 'ST016', 'ICT2133', '2025-02-14', 'practical', 'present'),
('TO002', 'ST017', 'ICT2133', '2025-02-14', 'practical', 'present'),
('TO002', 'ST018', 'ICT2133', '2025-02-14', 'practical', 'present'),
('TO002', 'ST019', 'ICT2133', '2025-02-14', 'practical', 'present'),
('TO002', 'ST020', 'ICT2133', '2025-02-14', 'practical', 'present'),

('TO003', 'ST001', 'ICT2113', '2025-02-17', 'theory', 'present'),
('TO003', 'ST002', 'ICT2113', '2025-02-17', 'theory', 'present'),
('TO003', 'ST003', 'ICT2113', '2025-02-17', 'theory', 'present'),
('TO003', 'ST004', 'ICT2113', '2025-02-17', 'theory', 'present'),
('TO003', 'ST005', 'ICT2113', '2025-02-17', 'theory', 'present'),
('TO003', 'ST006', 'ICT2113', '2025-02-17', 'theory', 'present'),
('TO003', 'ST007', 'ICT2113', '2025-02-17', 'theory', 'present'),
('TO003', 'ST008', 'ICT2113', '2025-02-17', 'theory', 'present'),
('TO003', 'ST009', 'ICT2113', '2025-02-17', 'theory', 'present'),
('TO003', 'ST010', 'ICT2113', '2025-02-17', 'theory', 'present'),
('TO003', 'ST011', 'ICT2113', '2025-02-17', 'theory', 'present'),
('TO003', 'ST012', 'ICT2113', '2025-02-17', 'theory', 'present'),
('TO003', 'ST013', 'ICT2113', '2025-02-17', 'theory', 'present'),
('TO003', 'ST014', 'ICT2113', '2025-02-17', 'theory', 'present'),
('TO003', 'ST015', 'ICT2113', '2025-02-17', 'theory', 'present'),
('TO003', 'ST016', 'ICT2113', '2025-02-17', 'theory', 'present'),
('TO003', 'ST017', 'ICT2113', '2025-02-17', 'theory', 'present'),
('TO003', 'ST018', 'ICT2113', '2025-02-17', 'theory', 'present'),
('TO003', 'ST019', 'ICT2113', '2025-02-17', 'theory', 'present'),
('TO003', 'ST020', 'ICT2113', '2025-02-17', 'theory', 'present'),

('TO003', 'ST001', 'ICT2142', '2025-02-18', 'theory', 'present'),
('TO003', 'ST002', 'ICT2142', '2025-02-18', 'theory', 'present'),
('TO003', 'ST003', 'ICT2142', '2025-02-18', 'theory', 'present'),
('TO003', 'ST004', 'ICT2142', '2025-02-18', 'theory', 'present'),
('TO003', 'ST005', 'ICT2142', '2025-02-18', 'theory', 'present'),
('TO003', 'ST006', 'ICT2142', '2025-02-18', 'theory', 'absent'),
('TO003', 'ST007', 'ICT2142', '2025-02-18', 'theory', 'present'),
('TO003', 'ST008', 'ICT2142', '2025-02-18', 'theory', 'present'),
('TO003', 'ST009', 'ICT2142', '2025-02-18', 'theory', 'absent'),
('TO003', 'ST010', 'ICT2142', '2025-02-18', 'theory', 'present'),
('TO003', 'ST011', 'ICT2142', '2025-02-18', 'theory', 'present'),
('TO003', 'ST012', 'ICT2142', '2025-02-18', 'theory', 'present'),
('TO003', 'ST013', 'ICT2142', '2025-02-18', 'theory', 'present'),
('TO003', 'ST014', 'ICT2142', '2025-02-18', 'theory', 'present'),
('TO003', 'ST015', 'ICT2142', '2025-02-18', 'theory', 'present'),
('TO003', 'ST016', 'ICT2142', '2025-02-18', 'theory', 'present'),
('TO003', 'ST017', 'ICT2142', '2025-02-18', 'theory', 'present'),
('TO003', 'ST018', 'ICT2142', '2025-02-18', 'theory', 'present'),
('TO003', 'ST019', 'ICT2142', '2025-02-18', 'theory', 'present'),
('TO003', 'ST020', 'ICT2142', '2025-02-18', 'theory', 'present'),

('TO003', 'ST001', 'ICT2152', '2025-02-19', 'theory', 'present'),
('TO003', 'ST002', 'ICT2152', '2025-02-19', 'theory', 'present'),
('TO003', 'ST003', 'ICT2152', '2025-02-19', 'theory', 'present'),
('TO003', 'ST004', 'ICT2152', '2025-02-19', 'theory', 'present'),
('TO003', 'ST005', 'ICT2152', '2025-02-19', 'theory', 'present'),
('TO003', 'ST006', 'ICT2152', '2025-02-19', 'theory', 'present'),
('TO003', 'ST007', 'ICT2152', '2025-02-19', 'theory', 'present'),
('TO003', 'ST008', 'ICT2152', '2025-02-19', 'theory', 'present'),
('TO003', 'ST009', 'ICT2152', '2025-02-19', 'theory', 'present'),
('TO003', 'ST010', 'ICT2152', '2025-02-19', 'theory', 'present'),
('TO003', 'ST011', 'ICT2152', '2025-02-19', 'theory', 'present'),
('TO003', 'ST012', 'ICT2152', '2025-02-19', 'theory', 'present'),
('TO003', 'ST013', 'ICT2152', '2025-02-19', 'theory', 'present'),
('TO003', 'ST014', 'ICT2152', '2025-02-19', 'theory', 'present'),
('TO003', 'ST015', 'ICT2152', '2025-02-19', 'theory', 'present'),
('TO003', 'ST016', 'ICT2152', '2025-02-19', 'theory', 'present'),
('TO003', 'ST017', 'ICT2152', '2025-02-19', 'theory', 'present'),
('TO003', 'ST018', 'ICT2152', '2025-02-19', 'theory', 'present'),
('TO003', 'ST019', 'ICT2152', '2025-02-19', 'theory', 'present'),
('TO003', 'ST020', 'ICT2152', '2025-02-19', 'theory', 'absent'),

('TO003', 'ST001', 'ICT2122', '2025-02-20', 'theory', 'present'),
('TO003', 'ST002', 'ICT2122', '2025-02-20', 'theory', 'present'),
('TO003', 'ST003', 'ICT2122', '2025-02-20', 'theory', 'present'),
('TO003', 'ST004', 'ICT2122', '2025-02-20', 'theory', 'present'),
('TO003', 'ST005', 'ICT2122', '2025-02-20', 'theory', 'present'),
('TO003', 'ST006', 'ICT2122', '2025-02-20', 'theory', 'present'),
('TO003', 'ST007', 'ICT2122', '2025-02-20', 'theory', 'present'),
('TO003', 'ST008', 'ICT2122', '2025-02-20', 'theory', 'present'),
('TO003', 'ST009', 'ICT2122', '2025-02-20', 'theory', 'present'),
('TO003', 'ST010', 'ICT2122', '2025-02-20', 'theory', 'present'),
('TO003', 'ST011', 'ICT2122', '2025-02-20', 'theory', 'present'),
('TO003', 'ST012', 'ICT2122', '2025-02-20', 'theory', 'present'),
('TO003', 'ST013', 'ICT2122', '2025-02-20', 'theory', 'present'),
('TO003', 'ST014', 'ICT2122', '2025-02-20', 'theory', 'present'),
('TO003', 'ST015', 'ICT2122', '2025-02-20', 'theory', 'present'),
('TO003', 'ST016', 'ICT2122', '2025-02-20', 'theory', 'present'),
('TO003', 'ST017', 'ICT2122', '2025-02-20', 'theory', 'present'),
('TO003', 'ST018', 'ICT2122', '2025-02-20', 'theory', 'present'),
('TO003', 'ST019', 'ICT2122', '2025-02-20', 'theory', 'present'),
('TO003', 'ST020', 'ICT2122', '2025-02-20', 'theory', 'present'),

('TO003', 'ST001', 'ICT2133', '2025-02-21', 'theory', 'present'),
('TO003', 'ST002', 'ICT2133', '2025-02-21', 'theory', 'present'),
('TO003', 'ST003', 'ICT2133', '2025-02-21', 'theory', 'present'),
('TO003', 'ST004', 'ICT2133', '2025-02-21', 'theory', 'present'),
('TO003', 'ST005', 'ICT2133', '2025-02-21', 'theory', 'present'),
('TO003', 'ST006', 'ICT2133', '2025-02-21', 'theory', 'present'),
('TO003', 'ST007', 'ICT2133', '2025-02-21', 'theory', 'present'),
('TO003', 'ST008', 'ICT2133', '2025-02-21', 'theory', 'present'),
('TO003', 'ST009', 'ICT2133', '2025-02-21', 'theory', 'present'),
('TO003', 'ST010', 'ICT2133', '2025-02-21', 'theory', 'present'),
('TO003', 'ST011', 'ICT2133', '2025-02-21', 'theory', 'present'),
('TO003', 'ST012', 'ICT2133', '2025-02-21', 'theory', 'present'),
('TO003', 'ST013', 'ICT2133', '2025-02-21', 'theory', 'present'),
('TO003', 'ST014', 'ICT2133', '2025-02-21', 'theory', 'present'),
('TO003', 'ST015', 'ICT2133', '2025-02-21', 'theory', 'present'),
('TO003', 'ST016', 'ICT2133', '2025-02-21', 'theory', 'present'),
('TO003', 'ST017', 'ICT2133', '2025-02-21', 'theory', 'present'),
('TO003', 'ST018', 'ICT2133', '2025-02-21', 'theory', 'present'),
('TO003', 'ST019', 'ICT2133', '2025-02-21', 'theory', 'present'),
('TO003', 'ST020', 'ICT2133', '2025-02-21', 'theory', 'present'),

('TO003', 'ST001', 'ICT2113', '2025-02-24', 'practical', 'present'),
('TO003', 'ST002', 'ICT2113', '2025-02-24', 'practical', 'present'),
('TO003', 'ST003', 'ICT2113', '2025-02-24', 'practical', 'present'),
('TO003', 'ST004', 'ICT2113', '2025-02-24', 'practical', 'present'),
('TO003', 'ST005', 'ICT2113', '2025-02-24', 'practical', 'present'),
('TO003', 'ST006', 'ICT2113', '2025-02-24', 'practical', 'present'),
('TO003', 'ST007', 'ICT2113', '2025-02-24', 'practical', 'present'),
('TO003', 'ST008', 'ICT2113', '2025-02-24', 'practical', 'present'),
('TO003', 'ST009', 'ICT2113', '2025-02-24', 'practical', 'present'),
('TO003', 'ST010', 'ICT2113', '2025-02-24', 'practical', 'present'),
('TO003', 'ST011', 'ICT2113', '2025-02-24', 'practical', 'present'),
('TO003', 'ST012', 'ICT2113', '2025-02-24', 'practical', 'present'),
('TO003', 'ST013', 'ICT2113', '2025-02-24', 'practical', 'present'),
('TO003', 'ST014', 'ICT2113', '2025-02-24', 'practical', 'present'),
('TO003', 'ST015', 'ICT2113', '2025-02-24', 'practical', 'present'),
('TO003', 'ST016', 'ICT2113', '2025-02-24', 'practical', 'present'),
('TO003', 'ST017', 'ICT2113', '2025-02-24', 'practical', 'present'),
('TO003', 'ST018', 'ICT2113', '2025-02-24', 'practical', 'present'),
('TO003', 'ST019', 'ICT2113', '2025-02-24', 'practical', 'present'),
('TO003', 'ST020', 'ICT2113', '2025-02-24', 'practical', 'present'),

('TO003', 'ST001', 'ICT2142', '2025-02-25', 'theory', 'medical'),
('TO003', 'ST002', 'ICT2142', '2025-02-25', 'theory', 'present'),
('TO003', 'ST003', 'ICT2142', '2025-02-25', 'theory', 'present'),
('TO003', 'ST004', 'ICT2142', '2025-02-25', 'theory', 'present'),
('TO003', 'ST005', 'ICT2142', '2025-02-25', 'theory', 'present'),
('TO003', 'ST006', 'ICT2142', '2025-02-25', 'theory', 'present'),
('TO003', 'ST007', 'ICT2142', '2025-02-25', 'theory', 'present'),
('TO003', 'ST008', 'ICT2142', '2025-02-25', 'theory', 'present'),
('TO003', 'ST009', 'ICT2142', '2025-02-25', 'theory', 'present'),
('TO003', 'ST010', 'ICT2142', '2025-02-25', 'theory', 'present'),
('TO003', 'ST011', 'ICT2142', '2025-02-25', 'theory', 'present'),
('TO003', 'ST012', 'ICT2142', '2025-02-25', 'theory', 'present'),
('TO003', 'ST013', 'ICT2142', '2025-02-25', 'theory', 'present'),
('TO003', 'ST014', 'ICT2142', '2025-02-25', 'theory', 'present'),
('TO003', 'ST015', 'ICT2142', '2025-02-25', 'theory', 'present'),
('TO003', 'ST016', 'ICT2142', '2025-02-25', 'theory', 'present'),
('TO003', 'ST017', 'ICT2142', '2025-02-25', 'theory', 'present'),
('TO003', 'ST018', 'ICT2142', '2025-02-25', 'theory', 'present'),
('TO003', 'ST019', 'ICT2142', '2025-02-25', 'theory', 'present'),
('TO003', 'ST020', 'ICT2142', '2025-02-25', 'theory', 'present'),

('TO003', 'ST001', 'ICT2152', '2025-02-26', 'theory', 'absent'),
('TO003', 'ST002', 'ICT2152', '2025-02-26', 'theory', 'present'),
('TO003', 'ST003', 'ICT2152', '2025-02-26', 'theory', 'present'),
('TO003', 'ST004', 'ICT2152', '2025-02-26', 'theory', 'present'),
('TO003', 'ST005', 'ICT2152', '2025-02-26', 'theory', 'present'),
('TO003', 'ST006', 'ICT2152', '2025-02-26', 'theory', 'present'),
('TO003', 'ST007', 'ICT2152', '2025-02-26', 'theory', 'present'),
('TO003', 'ST008', 'ICT2152', '2025-02-26', 'theory', 'absent'),
('TO003', 'ST009', 'ICT2152', '2025-02-26', 'theory', 'present'),
('TO003', 'ST010', 'ICT2152', '2025-02-26', 'theory', 'present'),
('TO003', 'ST011', 'ICT2152', '2025-02-26', 'theory', 'present'),
('TO003', 'ST012', 'ICT2152', '2025-02-26', 'theory', 'present'),
('TO003', 'ST013', 'ICT2152', '2025-02-26', 'theory', 'present'),
('TO003', 'ST014', 'ICT2152', '2025-02-26', 'theory', 'present'),
('TO003', 'ST015', 'ICT2152', '2025-02-26', 'theory', 'present'),
('TO003', 'ST016', 'ICT2152', '2025-02-26', 'theory', 'present'),
('TO003', 'ST017', 'ICT2152', '2025-02-26', 'theory', 'present'),
('TO003', 'ST018', 'ICT2152', '2025-02-26', 'theory', 'present'),
('TO003', 'ST019', 'ICT2152', '2025-02-26', 'theory', 'present'),
('TO003', 'ST020', 'ICT2152', '2025-02-26', 'theory', 'present'),

('TO003', 'ST001', 'ICT2122', '2025-02-27', 'theory', 'present'),
('TO003', 'ST002', 'ICT2122', '2025-02-27', 'theory', 'present'),
('TO003', 'ST003', 'ICT2122', '2025-02-27', 'theory', 'present'),
('TO003', 'ST004', 'ICT2122', '2025-02-27', 'theory', 'absent'),
('TO003', 'ST005', 'ICT2122', '2025-02-27', 'theory', 'present'),
('TO003', 'ST006', 'ICT2122', '2025-02-27', 'theory', 'present'),
('TO003', 'ST007', 'ICT2122', '2025-02-27', 'theory', 'present'),
('TO003', 'ST008', 'ICT2122', '2025-02-27', 'theory', 'present'),
('TO003', 'ST009', 'ICT2122', '2025-02-27', 'theory', 'present'),
('TO003', 'ST010', 'ICT2122', '2025-02-27', 'theory', 'present'),
('TO003', 'ST011', 'ICT2122', '2025-02-27', 'theory', 'present'),
('TO003', 'ST012', 'ICT2122', '2025-02-27', 'theory', 'absent'),
('TO003', 'ST013', 'ICT2122', '2025-02-27', 'theory', 'present'),
('TO003', 'ST014', 'ICT2122', '2025-02-27', 'theory', 'present'),
('TO003', 'ST015', 'ICT2122', '2025-02-27', 'theory', 'present'),
('TO003', 'ST016', 'ICT2122', '2025-02-27', 'theory', 'present'),
('TO003', 'ST017', 'ICT2122', '2025-02-27', 'theory', 'present'),
('TO003', 'ST018', 'ICT2122', '2025-02-27', 'theory', 'present'),
('TO003', 'ST019', 'ICT2122', '2025-02-27', 'theory', 'present'),
('TO003', 'ST020', 'ICT2122', '2025-02-27', 'theory', 'present'),

('TO003', 'ST001', 'ICT2133', '2025-02-28', 'practical', 'present'),
('TO003', 'ST002', 'ICT2133', '2025-02-28', 'practical', 'present'),
('TO003', 'ST003', 'ICT2133', '2025-02-28', 'practical', 'absent'),
('TO003', 'ST004', 'ICT2133', '2025-02-28', 'practical', 'present'),
('TO003', 'ST005', 'ICT2133', '2025-02-28', 'practical', 'present'),
('TO003', 'ST006', 'ICT2133', '2025-02-28', 'practical', 'present'),
('TO003', 'ST007', 'ICT2133', '2025-02-28', 'practical', 'present'),
('TO003', 'ST008', 'ICT2133', '2025-02-28', 'practical', 'present'),
('TO003', 'ST009', 'ICT2133', '2025-02-28', 'practical', 'present'),
('TO003', 'ST010', 'ICT2133', '2025-02-28', 'practical', 'present'),
('TO003', 'ST011', 'ICT2133', '2025-02-28', 'practical', 'present'),
('TO003', 'ST012', 'ICT2133', '2025-02-28', 'practical', 'present'),
('TO003', 'ST013', 'ICT2133', '2025-02-28', 'practical', 'present'),
('TO003', 'ST014', 'ICT2133', '2025-02-28', 'practical', 'present'),
('TO003', 'ST015', 'ICT2133', '2025-02-28', 'practical', 'present'),
('TO003', 'ST016', 'ICT2133', '2025-02-28', 'practical', 'present'),
('TO003', 'ST017', 'ICT2133', '2025-02-28', 'practical', 'present'),
('TO003', 'ST018', 'ICT2133', '2025-02-28', 'practical', 'present'),
('TO003', 'ST019', 'ICT2133', '2025-02-28', 'practical', 'present'),
('TO003', 'ST020', 'ICT2133', '2025-02-28', 'practical', 'present'),

('TO003', 'ST001', 'ICT2113', '2025-03-03', 'theory', 'present'),
('TO003', 'ST002', 'ICT2113', '2025-03-03', 'theory', 'present'),
('TO003', 'ST003', 'ICT2113', '2025-03-03', 'theory', 'present'),
('TO003', 'ST004', 'ICT2113', '2025-03-03', 'theory', 'present'),
('TO003', 'ST005', 'ICT2113', '2025-03-03', 'theory', 'present'),
('TO003', 'ST006', 'ICT2113', '2025-03-03', 'theory', 'present'),
('TO003', 'ST007', 'ICT2113', '2025-03-03', 'theory', 'present'),
('TO003', 'ST008', 'ICT2113', '2025-03-03', 'theory', 'present'),
('TO003', 'ST009', 'ICT2113', '2025-03-03', 'theory', 'present'),
('TO003', 'ST010', 'ICT2113', '2025-03-03', 'theory', 'present'),
('TO003', 'ST011', 'ICT2113', '2025-03-03', 'theory', 'present'),
('TO003', 'ST012', 'ICT2113', '2025-03-03', 'theory', 'present'),
('TO003', 'ST013', 'ICT2113', '2025-03-03', 'theory', 'present'),
('TO003', 'ST014', 'ICT2113', '2025-03-03', 'theory', 'present'),
('TO003', 'ST015', 'ICT2113', '2025-03-03', 'theory', 'present'),
('TO003', 'ST016', 'ICT2113', '2025-03-03', 'theory', 'present'),
('TO003', 'ST017', 'ICT2113', '2025-03-03', 'theory', 'present'),
('TO003', 'ST018', 'ICT2113', '2025-03-03', 'theory', 'present'),
('TO003', 'ST019', 'ICT2113', '2025-03-03', 'theory', 'present'),
('TO003', 'ST020', 'ICT2113', '2025-03-03', 'theory', 'present'),

('TO003', 'ST001', 'ICT2142', '2025-03-04', 'theory', 'present'),
('TO003', 'ST002', 'ICT2142', '2025-03-04', 'theory', 'present'),
('TO003', 'ST003', 'ICT2142', '2025-03-04', 'theory', 'present'),
('TO003', 'ST004', 'ICT2142', '2025-03-04', 'theory', 'present'),
('TO003', 'ST005', 'ICT2142', '2025-03-04', 'theory', 'present'),
('TO003', 'ST006', 'ICT2142', '2025-03-04', 'theory', 'present'),
('TO003', 'ST007', 'ICT2142', '2025-03-04', 'theory', 'present'),
('TO003', 'ST008', 'ICT2142', '2025-03-04', 'theory', 'present'),
('TO003', 'ST009', 'ICT2142', '2025-03-04', 'theory', 'present'),
('TO003', 'ST010', 'ICT2142', '2025-03-04', 'theory', 'present'),
('TO003', 'ST011', 'ICT2142', '2025-03-04', 'theory', 'present'),
('TO003', 'ST012', 'ICT2142', '2025-03-04', 'theory', 'present'),
('TO003', 'ST013', 'ICT2142', '2025-03-04', 'theory', 'present'),
('TO003', 'ST014', 'ICT2142', '2025-03-04', 'theory', 'present'),
('TO003', 'ST015', 'ICT2142', '2025-03-04', 'theory', 'present'),
('TO003', 'ST016', 'ICT2142', '2025-03-04', 'theory', 'present'),
('TO003', 'ST017', 'ICT2142', '2025-03-04', 'theory', 'present'),
('TO003', 'ST018', 'ICT2142', '2025-03-04', 'theory', 'present'),
('TO003', 'ST019', 'ICT2142', '2025-03-04', 'theory', 'present'),
('TO003', 'ST020', 'ICT2142', '2025-03-04', 'theory', 'present'),

('TO003', 'ST001', 'ICT2152', '2025-03-05', 'theory', 'present'),
('TO003', 'ST002', 'ICT2152', '2025-03-05', 'theory', 'present'),
('TO003', 'ST003', 'ICT2152', '2025-03-05', 'theory', 'present'),
('TO003', 'ST004', 'ICT2152', '2025-03-05', 'theory', 'present'),
('TO003', 'ST005', 'ICT2152', '2025-03-05', 'theory', 'present'),
('TO003', 'ST006', 'ICT2152', '2025-03-05', 'theory', 'present'),
('TO003', 'ST007', 'ICT2152', '2025-03-05', 'theory', 'present'),
('TO003', 'ST008', 'ICT2152', '2025-03-05', 'theory', 'present'),
('TO003', 'ST009', 'ICT2152', '2025-03-05', 'theory', 'present'),
('TO003', 'ST010', 'ICT2152', '2025-03-05', 'theory', 'present'),
('TO003', 'ST011', 'ICT2152', '2025-03-05', 'theory', 'present'),
('TO003', 'ST012', 'ICT2152', '2025-03-05', 'theory', 'present'),
('TO003', 'ST013', 'ICT2152', '2025-03-05', 'theory', 'present'),
('TO003', 'ST014', 'ICT2152', '2025-03-05', 'theory', 'present'),
('TO003', 'ST015', 'ICT2152', '2025-03-05', 'theory', 'present'),
('TO003', 'ST016', 'ICT2152', '2025-03-05', 'theory', 'present'),
('TO003', 'ST017', 'ICT2152', '2025-03-05', 'theory', 'present'),
('TO003', 'ST018', 'ICT2152', '2025-03-05', 'theory', 'present'),
('TO003', 'ST019', 'ICT2152', '2025-03-05', 'theory', 'present'),
('TO003', 'ST020', 'ICT2152', '2025-03-05', 'theory', 'present'),

('TO003', 'ST001', 'ICT2122', '2025-03-06', 'theory', 'present'),
('TO003', 'ST002', 'ICT2122', '2025-03-06', 'theory', 'present'),
('TO003', 'ST003', 'ICT2122', '2025-03-06', 'theory', 'present'),
('TO003', 'ST004', 'ICT2122', '2025-03-06', 'theory', 'present'),
('TO003', 'ST005', 'ICT2122', '2025-03-06', 'theory', 'present'),
('TO003', 'ST006', 'ICT2122', '2025-03-06', 'theory', 'present'),
('TO003', 'ST007', 'ICT2122', '2025-03-06', 'theory', 'present'),
('TO003', 'ST008', 'ICT2122', '2025-03-06', 'theory', 'present'),
('TO003', 'ST009', 'ICT2122', '2025-03-06', 'theory', 'present'),
('TO003', 'ST010', 'ICT2122', '2025-03-06', 'theory', 'present'),
('TO003', 'ST011', 'ICT2122', '2025-03-06', 'theory', 'present'),
('TO003', 'ST012', 'ICT2122', '2025-03-06', 'theory', 'medical'),
('TO003', 'ST013', 'ICT2122', '2025-03-06', 'theory', 'present'),
('TO003', 'ST014', 'ICT2122', '2025-03-06', 'theory', 'present'),
('TO003', 'ST015', 'ICT2122', '2025-03-06', 'theory', 'present'),
('TO003', 'ST016', 'ICT2122', '2025-03-06', 'theory', 'present'),
('TO003', 'ST017', 'ICT2122', '2025-03-06', 'theory', 'present'),
('TO003', 'ST018', 'ICT2122', '2025-03-06', 'theory', 'present'),
('TO003', 'ST019', 'ICT2122', '2025-03-06', 'theory', 'present'),
('TO003', 'ST020', 'ICT2122', '2025-03-06', 'theory', 'present'),

('TO003', 'ST001', 'ICT2133', '2025-03-07', 'theory', 'present'),
('TO003', 'ST002', 'ICT2133', '2025-03-07', 'theory', 'medical'),
('TO003', 'ST003', 'ICT2133', '2025-03-07', 'theory', 'present'),
('TO003', 'ST004', 'ICT2133', '2025-03-07', 'theory', 'present'),
('TO003', 'ST005', 'ICT2133', '2025-03-07', 'theory', 'present'),
('TO003', 'ST006', 'ICT2133', '2025-03-07', 'theory', 'present'),
('TO003', 'ST007', 'ICT2133', '2025-03-07', 'theory', 'present'),
('TO003', 'ST008', 'ICT2133', '2025-03-07', 'theory', 'present'),
('TO003', 'ST009', 'ICT2133', '2025-03-07', 'theory', 'present'),
('TO003', 'ST010', 'ICT2133', '2025-03-07', 'theory', 'present'),
('TO003', 'ST011', 'ICT2133', '2025-03-07', 'theory', 'present'),
('TO003', 'ST012', 'ICT2133', '2025-03-07', 'theory', 'present'),
('TO003', 'ST013', 'ICT2133', '2025-03-07', 'theory', 'present'),
('TO003', 'ST014', 'ICT2133', '2025-03-07', 'theory', 'present'),
('TO003', 'ST015', 'ICT2133', '2025-03-07', 'theory', 'present'),
('TO003', 'ST016', 'ICT2133', '2025-03-07', 'theory', 'present'),
('TO003', 'ST017', 'ICT2133', '2025-03-07', 'theory', 'present'),
('TO003', 'ST018', 'ICT2133', '2025-03-07', 'theory', 'present'),
('TO003', 'ST019', 'ICT2133', '2025-03-07', 'theory', 'present'),
('TO003', 'ST020', 'ICT2133', '2025-03-07', 'theory', 'present'),

('TO003', 'ST001', 'ICT2113', '2025-03-10', 'practical', 'present'),
('TO003', 'ST002', 'ICT2113', '2025-03-10', 'practical', 'present'),
('TO003', 'ST003', 'ICT2113', '2025-03-10', 'practical', 'present'),
('TO003', 'ST004', 'ICT2113', '2025-03-10', 'practical', 'present'),
('TO003', 'ST005', 'ICT2113', '2025-03-10', 'practical', 'present'),
('TO003', 'ST006', 'ICT2113', '2025-03-10', 'practical', 'present'),
('TO003', 'ST007', 'ICT2113', '2025-03-10', 'practical', 'present'),
('TO003', 'ST008', 'ICT2113', '2025-03-10', 'practical', 'present'),
('TO003', 'ST009', 'ICT2113', '2025-03-10', 'practical', 'present'),
('TO003', 'ST010', 'ICT2113', '2025-03-10', 'practical', 'present'),
('TO003', 'ST011', 'ICT2113', '2025-03-10', 'practical', 'absent'),
('TO003', 'ST012', 'ICT2113', '2025-03-10', 'practical', 'present'),
('TO003', 'ST013', 'ICT2113', '2025-03-10', 'practical', 'present'),
('TO003', 'ST014', 'ICT2113', '2025-03-10', 'practical', 'present'),
('TO003', 'ST015', 'ICT2113', '2025-03-10', 'practical', 'present'),
('TO003', 'ST016', 'ICT2113', '2025-03-10', 'practical', 'present'),
('TO003', 'ST017', 'ICT2113', '2025-03-10', 'practical', 'present'),
('TO003', 'ST018', 'ICT2113', '2025-03-10', 'practical', 'present'),
('TO003', 'ST019', 'ICT2113', '2025-03-10', 'practical', 'present'),
('TO003', 'ST020', 'ICT2113', '2025-03-10', 'practical', 'present'),

('TO003', 'ST001', 'ICT2142', '2025-03-11', 'theory', 'present'),
('TO003', 'ST002', 'ICT2142', '2025-03-11', 'theory', 'present'),
('TO003', 'ST003', 'ICT2142', '2025-03-11', 'theory', 'present'),
('TO003', 'ST004', 'ICT2142', '2025-03-11', 'theory', 'present'),
('TO003', 'ST005', 'ICT2142', '2025-03-11', 'theory', 'present'),
('TO003', 'ST006', 'ICT2142', '2025-03-11', 'theory', 'present'),
('TO003', 'ST007', 'ICT2142', '2025-03-11', 'theory', 'present'),
('TO003', 'ST008', 'ICT2142', '2025-03-11', 'theory', 'present'),
('TO003', 'ST009', 'ICT2142', '2025-03-11', 'theory', 'present'),
('TO003', 'ST010', 'ICT2142', '2025-03-11', 'theory', 'present'),
('TO003', 'ST011', 'ICT2142', '2025-03-11', 'theory', 'absent'),
('TO003', 'ST012', 'ICT2142', '2025-03-11', 'theory', 'present'),
('TO003', 'ST013', 'ICT2142', '2025-03-11', 'theory', 'present'),
('TO003', 'ST014', 'ICT2142', '2025-03-11', 'theory', 'present'),
('TO003', 'ST015', 'ICT2142', '2025-03-11', 'theory', 'present'),
('TO003', 'ST016', 'ICT2142', '2025-03-11', 'theory', 'present'),
('TO003', 'ST017', 'ICT2142', '2025-03-11', 'theory', 'present'),
('TO003', 'ST018', 'ICT2142', '2025-03-11', 'theory', 'present'),
('TO003', 'ST019', 'ICT2142', '2025-03-11', 'theory', 'present'),
('TO003', 'ST020', 'ICT2142', '2025-03-11', 'theory', 'present'),

('TO003', 'ST001', 'ICT2152', '2025-03-12', 'theory', 'present'),
('TO003', 'ST002', 'ICT2152', '2025-03-12', 'theory', 'present'),
('TO003', 'ST003', 'ICT2152', '2025-03-12', 'theory', 'present'),
('TO003', 'ST004', 'ICT2152', '2025-03-12', 'theory', 'present'),
('TO003', 'ST005', 'ICT2152', '2025-03-12', 'theory', 'present'),
('TO003', 'ST006', 'ICT2152', '2025-03-12', 'theory', 'present'),
('TO003', 'ST007', 'ICT2152', '2025-03-12', 'theory', 'present'),
('TO003', 'ST008', 'ICT2152', '2025-03-12', 'theory', 'present'),
('TO003', 'ST009', 'ICT2152', '2025-03-12', 'theory', 'present'),
('TO003', 'ST010', 'ICT2152', '2025-03-12', 'theory', 'present'),
('TO003', 'ST011', 'ICT2152', '2025-03-12', 'theory', 'present'),
('TO003', 'ST012', 'ICT2152', '2025-03-12', 'theory', 'present'),
('TO003', 'ST013', 'ICT2152', '2025-03-12', 'theory', 'present'),
('TO003', 'ST014', 'ICT2152', '2025-03-12', 'theory', 'present'),
('TO003', 'ST015', 'ICT2152', '2025-03-12', 'theory', 'present'),
('TO003', 'ST016', 'ICT2152', '2025-03-12', 'theory', 'absent'),
('TO003', 'ST017', 'ICT2152', '2025-03-12', 'theory', 'absent'),
('TO003', 'ST018', 'ICT2152', '2025-03-12', 'theory', 'present'),
('TO003', 'ST019', 'ICT2152', '2025-03-12', 'theory', 'present'),
('TO003', 'ST020', 'ICT2152', '2025-03-12', 'theory', 'present'),

('TO003', 'ST001', 'ICT2122', '2025-03-13', 'theory', 'present'),
('TO003', 'ST002', 'ICT2122', '2025-03-13', 'theory', 'present'),
('TO003', 'ST003', 'ICT2122', '2025-03-13', 'theory', 'present'),
('TO003', 'ST004', 'ICT2122', '2025-03-13', 'theory', 'present'),
('TO003', 'ST005', 'ICT2122', '2025-03-13', 'theory', 'present'),
('TO003', 'ST006', 'ICT2122', '2025-03-13', 'theory', 'present'),
('TO003', 'ST007', 'ICT2122', '2025-03-13', 'theory', 'present'),
('TO003', 'ST008', 'ICT2122', '2025-03-13', 'theory', 'present'),
('TO003', 'ST009', 'ICT2122', '2025-03-13', 'theory', 'present'),
('TO003', 'ST010', 'ICT2122', '2025-03-13', 'theory', 'present'),
('TO003', 'ST011', 'ICT2122', '2025-03-13', 'theory', 'present'),
('TO003', 'ST012', 'ICT2122', '2025-03-13', 'theory', 'present'),
('TO003', 'ST013', 'ICT2122', '2025-03-13', 'theory', 'absent'),
('TO003', 'ST014', 'ICT2122', '2025-03-13', 'theory', 'present'),
('TO003', 'ST015', 'ICT2122', '2025-03-13', 'theory', 'present'),
('TO003', 'ST016', 'ICT2122', '2025-03-13', 'theory', 'present'),
('TO003', 'ST017', 'ICT2122', '2025-03-13', 'theory', 'present'),
('TO003', 'ST018', 'ICT2122', '2025-03-13', 'theory', 'present'),
('TO003', 'ST019', 'ICT2122', '2025-03-13', 'theory', 'present'),
('TO003', 'ST020', 'ICT2122', '2025-03-13', 'theory', 'present'),

('TO003', 'ST001', 'ICT2133', '2025-03-14', 'practical', 'present'),
('TO003', 'ST002', 'ICT2133', '2025-03-14', 'practical', 'present'),
('TO003', 'ST003', 'ICT2133', '2025-03-14', 'practical', 'present'),
('TO003', 'ST004', 'ICT2133', '2025-03-14', 'practical', 'present'),
('TO003', 'ST005', 'ICT2133', '2025-03-14', 'practical', 'present'),
('TO003', 'ST006', 'ICT2133', '2025-03-14', 'practical', 'present'),
('TO003', 'ST007', 'ICT2133', '2025-03-14', 'practical', 'present'),
('TO003', 'ST008', 'ICT2133', '2025-03-14', 'practical', 'present'),
('TO003', 'ST009', 'ICT2133', '2025-03-14', 'practical', 'present'),
('TO003', 'ST010', 'ICT2133', '2025-03-14', 'practical', 'present'),
('TO003', 'ST011', 'ICT2133', '2025-03-14', 'practical', 'present'),
('TO003', 'ST012', 'ICT2133', '2025-03-14', 'practical', 'present'),
('TO003', 'ST013', 'ICT2133', '2025-03-14', 'practical', 'present'),
('TO003', 'ST014', 'ICT2133', '2025-03-14', 'practical', 'present'),
('TO003', 'ST015', 'ICT2133', '2025-03-14', 'practical', 'present'),
('TO003', 'ST016', 'ICT2133', '2025-03-14', 'practical', 'present'),
('TO003', 'ST017', 'ICT2133', '2025-03-14', 'practical', 'absent'),
('TO003', 'ST018', 'ICT2133', '2025-03-14', 'practical', 'present'),
('TO003', 'ST019', 'ICT2133', '2025-03-14', 'practical', 'present'),
('TO003', 'ST020', 'ICT2133', '2025-03-14', 'practical', 'present'),

('TO003', 'ST001', 'ICT2113', '2025-03-17', 'theory', 'present'),
('TO003', 'ST002', 'ICT2113', '2025-03-17', 'theory', 'present'),
('TO003', 'ST003', 'ICT2113', '2025-03-17', 'theory', 'present'),
('TO003', 'ST004', 'ICT2113', '2025-03-17', 'theory', 'present'),
('TO003', 'ST005', 'ICT2113', '2025-03-17', 'theory', 'present'),
('TO003', 'ST006', 'ICT2113', '2025-03-17', 'theory', 'present'),
('TO003', 'ST007', 'ICT2113', '2025-03-17', 'theory', 'present'),
('TO003', 'ST008', 'ICT2113', '2025-03-17', 'theory', 'present'),
('TO003', 'ST009', 'ICT2113', '2025-03-17', 'theory', 'present'),
('TO003', 'ST010', 'ICT2113', '2025-03-17', 'theory', 'present'),
('TO003', 'ST011', 'ICT2113', '2025-03-17', 'theory', 'present'),
('TO003', 'ST012', 'ICT2113', '2025-03-17', 'theory', 'present'),
('TO003', 'ST013', 'ICT2113', '2025-03-17', 'theory', 'present'),
('TO003', 'ST014', 'ICT2113', '2025-03-17', 'theory', 'present'),
('TO003', 'ST015', 'ICT2113', '2025-03-17', 'theory', 'present'),
('TO003', 'ST016', 'ICT2113', '2025-03-17', 'theory', 'present'),
('TO003', 'ST017', 'ICT2113', '2025-03-17', 'theory', 'present'),
('TO003', 'ST018', 'ICT2113', '2025-03-17', 'theory', 'present'),
('TO003', 'ST019', 'ICT2113', '2025-03-17', 'theory', 'present'),
('TO003', 'ST020', 'ICT2113', '2025-03-17', 'theory', 'present'),

('TO003', 'ST001', 'ICT2142', '2025-03-18', 'theory', 'present'),
('TO003', 'ST002', 'ICT2142', '2025-03-18', 'theory', 'present'),
('TO003', 'ST003', 'ICT2142', '2025-03-18', 'theory', 'present'),
('TO003', 'ST004', 'ICT2142', '2025-03-18', 'theory', 'present'),
('TO003', 'ST005', 'ICT2142', '2025-03-18', 'theory', 'present'),
('TO003', 'ST006', 'ICT2142', '2025-03-18', 'theory', 'present'),
('TO003', 'ST007', 'ICT2142', '2025-03-18', 'theory', 'present'),
('TO003', 'ST008', 'ICT2142', '2025-03-18', 'theory', 'present'),
('TO003', 'ST009', 'ICT2142', '2025-03-18', 'theory', 'present'),
('TO003', 'ST010', 'ICT2142', '2025-03-18', 'theory', 'present'),
('TO003', 'ST011', 'ICT2142', '2025-03-18', 'theory', 'present'),
('TO003', 'ST012', 'ICT2142', '2025-03-18', 'theory', 'present'),
('TO003', 'ST013', 'ICT2142', '2025-03-18', 'theory', 'present'),
('TO003', 'ST014', 'ICT2142', '2025-03-18', 'theory', 'present'),
('TO003', 'ST015', 'ICT2142', '2025-03-18', 'theory', 'present'),
('TO003', 'ST016', 'ICT2142', '2025-03-18', 'theory', 'present'),
('TO003', 'ST017', 'ICT2142', '2025-03-18', 'theory', 'present'),
('TO003', 'ST018', 'ICT2142', '2025-03-18', 'theory', 'present'),
('TO003', 'ST019', 'ICT2142', '2025-03-18', 'theory', 'present'),
('TO003', 'ST020', 'ICT2142', '2025-03-18', 'theory', 'present'),

('TO003', 'ST001', 'ICT2152', '2025-03-19', 'theory', 'present'),
('TO003', 'ST002', 'ICT2152', '2025-03-19', 'theory', 'present'),
('TO003', 'ST003', 'ICT2152', '2025-03-19', 'theory', 'present'),
('TO003', 'ST004', 'ICT2152', '2025-03-19', 'theory', 'present'),
('TO003', 'ST005', 'ICT2152', '2025-03-19', 'theory', 'present'),
('TO003', 'ST006', 'ICT2152', '2025-03-19', 'theory', 'present'),
('TO003', 'ST007', 'ICT2152', '2025-03-19', 'theory', 'present'),
('TO003', 'ST008', 'ICT2152', '2025-03-19', 'theory', 'present'),
('TO003', 'ST009', 'ICT2152', '2025-03-19', 'theory', 'present'),
('TO003', 'ST010', 'ICT2152', '2025-03-19', 'theory', 'present'),
('TO003', 'ST011', 'ICT2152', '2025-03-19', 'theory', 'present'),
('TO003', 'ST012', 'ICT2152', '2025-03-19', 'theory', 'present'),
('TO003', 'ST013', 'ICT2152', '2025-03-19', 'theory', 'present'),
('TO003', 'ST014', 'ICT2152', '2025-03-19', 'theory', 'present'),
('TO003', 'ST015', 'ICT2152', '2025-03-19', 'theory', 'present'),
('TO003', 'ST016', 'ICT2152', '2025-03-19', 'theory', 'present'),
('TO003', 'ST017', 'ICT2152', '2025-03-19', 'theory', 'present'),
('TO003', 'ST018', 'ICT2152', '2025-03-19', 'theory', 'present'),
('TO003', 'ST019', 'ICT2152', '2025-03-19', 'theory', 'present'),
('TO003', 'ST020', 'ICT2152', '2025-03-19', 'theory', 'present'),

('TO003', 'ST001', 'ICT2122', '2025-03-20', 'theory', 'present'),
('TO003', 'ST002', 'ICT2122', '2025-03-20', 'theory', 'present'),
('TO003', 'ST003', 'ICT2122', '2025-03-20', 'theory', 'present'),
('TO003', 'ST004', 'ICT2122', '2025-03-20', 'theory', 'present'),
('TO003', 'ST005', 'ICT2122', '2025-03-20', 'theory', 'present'),
('TO003', 'ST006', 'ICT2122', '2025-03-20', 'theory', 'present'),
('TO003', 'ST007', 'ICT2122', '2025-03-20', 'theory', 'present'),
('TO003', 'ST008', 'ICT2122', '2025-03-20', 'theory', 'present'),
('TO003', 'ST009', 'ICT2122', '2025-03-20', 'theory', 'present'),
('TO003', 'ST010', 'ICT2122', '2025-03-20', 'theory', 'present'),
('TO003', 'ST011', 'ICT2122', '2025-03-20', 'theory', 'present'),
('TO003', 'ST012', 'ICT2122', '2025-03-20', 'theory', 'present'),
('TO003', 'ST013', 'ICT2122', '2025-03-20', 'theory', 'present'),
('TO003', 'ST014', 'ICT2122', '2025-03-20', 'theory', 'present'),
('TO003', 'ST015', 'ICT2122', '2025-03-20', 'theory', 'present'),
('TO003', 'ST016', 'ICT2122', '2025-03-20', 'theory', 'present'),
('TO003', 'ST017', 'ICT2122', '2025-03-20', 'theory', 'present'),
('TO003', 'ST018', 'ICT2122', '2025-03-20', 'theory', 'present'),
('TO003', 'ST019', 'ICT2122', '2025-03-20', 'theory', 'present'),
('TO003', 'ST020', 'ICT2122', '2025-03-20', 'theory', 'present'),

('TO003', 'ST001', 'ICT2133', '2025-03-21', 'theory', 'present'),
('TO003', 'ST002', 'ICT2133', '2025-03-21', 'theory', 'present'),
('TO003', 'ST003', 'ICT2133', '2025-03-21', 'theory', 'present'),
('TO003', 'ST004', 'ICT2133', '2025-03-21', 'theory', 'present'),
('TO003', 'ST005', 'ICT2133', '2025-03-21', 'theory', 'present'),
('TO003', 'ST006', 'ICT2133', '2025-03-21', 'theory', 'present'),
('TO003', 'ST007', 'ICT2133', '2025-03-21', 'theory', 'present'),
('TO003', 'ST008', 'ICT2133', '2025-03-21', 'theory', 'present'),
('TO003', 'ST009', 'ICT2133', '2025-03-21', 'theory', 'present'),
('TO003', 'ST010', 'ICT2133', '2025-03-21', 'theory', 'present'),
('TO003', 'ST011', 'ICT2133', '2025-03-21', 'theory', 'present'),
('TO003', 'ST012', 'ICT2133', '2025-03-21', 'theory', 'present'),
('TO003', 'ST013', 'ICT2133', '2025-03-21', 'theory', 'present'),
('TO003', 'ST014', 'ICT2133', '2025-03-21', 'theory', 'present'),
('TO003', 'ST015', 'ICT2133', '2025-03-21', 'theory', 'absent'),
('TO003', 'ST016', 'ICT2133', '2025-03-21', 'theory', 'present'),
('TO003', 'ST017', 'ICT2133', '2025-03-21', 'theory', 'present'),
('TO003', 'ST018', 'ICT2133', '2025-03-21', 'theory', 'present'),
('TO003', 'ST019', 'ICT2133', '2025-03-21', 'theory', 'present'),
('TO003', 'ST020', 'ICT2133', '2025-03-21', 'theory', 'present'),

('TO003', 'ST001', 'ICT2113', '2025-03-24', 'practical', 'present'),
('TO003', 'ST002', 'ICT2113', '2025-03-24', 'practical', 'present'),
('TO003', 'ST003', 'ICT2113', '2025-03-24', 'practical', 'present'),
('TO003', 'ST004', 'ICT2113', '2025-03-24', 'practical', 'present'),
('TO003', 'ST005', 'ICT2113', '2025-03-24', 'practical', 'present'),
('TO003', 'ST006', 'ICT2113', '2025-03-24', 'practical', 'present'),
('TO003', 'ST007', 'ICT2113', '2025-03-24', 'practical', 'present'),
('TO003', 'ST008', 'ICT2113', '2025-03-24', 'practical', 'present'),
('TO003', 'ST009', 'ICT2113', '2025-03-24', 'practical', 'present'),
('TO003', 'ST010', 'ICT2113', '2025-03-24', 'practical', 'present'),
('TO003', 'ST011', 'ICT2113', '2025-03-24', 'practical', 'present'),
('TO003', 'ST012', 'ICT2113', '2025-03-24', 'practical', 'present'),
('TO003', 'ST013', 'ICT2113', '2025-03-24', 'practical', 'present'),
('TO003', 'ST014', 'ICT2113', '2025-03-24', 'practical', 'present'),
('TO003', 'ST015', 'ICT2113', '2025-03-24', 'practical', 'present'),
('TO003', 'ST016', 'ICT2113', '2025-03-24', 'practical', 'present'),
('TO003', 'ST017', 'ICT2113', '2025-03-24', 'practical', 'present'),
('TO003', 'ST018', 'ICT2113', '2025-03-24', 'practical', 'present'),
('TO003', 'ST019', 'ICT2113', '2025-03-24', 'practical', 'present'),
('TO003', 'ST020', 'ICT2113', '2025-03-24', 'practical', 'present'),

('TO003', 'ST001', 'ICT2142', '2025-03-25', 'theory', 'present'),
('TO003', 'ST002', 'ICT2142', '2025-03-25', 'theory', 'present'),
('TO003', 'ST003', 'ICT2142', '2025-03-25', 'theory', 'present'),
('TO003', 'ST004', 'ICT2142', '2025-03-25', 'theory', 'present'),
('TO003', 'ST005', 'ICT2142', '2025-03-25', 'theory', 'present'),
('TO003', 'ST006', 'ICT2142', '2025-03-25', 'theory', 'present'),
('TO003', 'ST007', 'ICT2142', '2025-03-25', 'theory', 'present'),
('TO003', 'ST008', 'ICT2142', '2025-03-25', 'theory', 'present'),
('TO003', 'ST009', 'ICT2142', '2025-03-25', 'theory', 'present'),
('TO003', 'ST010', 'ICT2142', '2025-03-25', 'theory', 'present'),
('TO003', 'ST011', 'ICT2142', '2025-03-25', 'theory', 'present'),
('TO003', 'ST012', 'ICT2142', '2025-03-25', 'theory', 'present'),
('TO003', 'ST013', 'ICT2142', '2025-03-25', 'theory', 'present'),
('TO003', 'ST014', 'ICT2142', '2025-03-25', 'theory', 'present'),
('TO003', 'ST015', 'ICT2142', '2025-03-25', 'theory', 'present'),
('TO003', 'ST016', 'ICT2142', '2025-03-25', 'theory', 'present'),
('TO003', 'ST017', 'ICT2142', '2025-03-25', 'theory', 'present'),
('TO003', 'ST018', 'ICT2142', '2025-03-25', 'theory', 'present'),
('TO003', 'ST019', 'ICT2142', '2025-03-25', 'theory', 'present'),
('TO003', 'ST020', 'ICT2142', '2025-03-25', 'theory', 'present'),

('TO003', 'ST001', 'ICT2152', '2025-03-26', 'theory', 'present'),
('TO003', 'ST002', 'ICT2152', '2025-03-26', 'theory', 'present'),
('TO003', 'ST003', 'ICT2152', '2025-03-26', 'theory', 'present'),
('TO003', 'ST004', 'ICT2152', '2025-03-26', 'theory', 'present'),
('TO003', 'ST005', 'ICT2152', '2025-03-26', 'theory', 'present'),
('TO003', 'ST006', 'ICT2152', '2025-03-26', 'theory', 'present'),
('TO003', 'ST007', 'ICT2152', '2025-03-26', 'theory', 'present'),
('TO003', 'ST008', 'ICT2152', '2025-03-26', 'theory', 'present'),
('TO003', 'ST009', 'ICT2152', '2025-03-26', 'theory', 'present'),
('TO003', 'ST010', 'ICT2152', '2025-03-26', 'theory', 'present'),
('TO003', 'ST011', 'ICT2152', '2025-03-26', 'theory', 'present'),
('TO003', 'ST012', 'ICT2152', '2025-03-26', 'theory', 'present'),
('TO003', 'ST013', 'ICT2152', '2025-03-26', 'theory', 'present'),
('TO003', 'ST014', 'ICT2152', '2025-03-26', 'theory', 'present'),
('TO003', 'ST015', 'ICT2152', '2025-03-26', 'theory', 'present'),
('TO003', 'ST016', 'ICT2152', '2025-03-26', 'theory', 'present'),
('TO003', 'ST017', 'ICT2152', '2025-03-26', 'theory', 'present'),
('TO003', 'ST018', 'ICT2152', '2025-03-26', 'theory', 'present'),
('TO003', 'ST019', 'ICT2152', '2025-03-26', 'theory', 'present'),
('TO003', 'ST020', 'ICT2152', '2025-03-26', 'theory', 'present'),

('TO003', 'ST001', 'ICT2122', '2025-03-27', 'theory', 'present'),
('TO003', 'ST002', 'ICT2122', '2025-03-27', 'theory', 'present'),
('TO003', 'ST003', 'ICT2122', '2025-03-27', 'theory', 'present'),
('TO003', 'ST004', 'ICT2122', '2025-03-27', 'theory', 'present'),
('TO003', 'ST005', 'ICT2122', '2025-03-27', 'theory', 'present'),
('TO003', 'ST006', 'ICT2122', '2025-03-27', 'theory', 'present'),
('TO003', 'ST007', 'ICT2122', '2025-03-27', 'theory', 'present'),
('TO003', 'ST008', 'ICT2122', '2025-03-27', 'theory', 'present'),
('TO003', 'ST009', 'ICT2122', '2025-03-27', 'theory', 'present'),
('TO003', 'ST010', 'ICT2122', '2025-03-27', 'theory', 'present'),
('TO003', 'ST011', 'ICT2122', '2025-03-27', 'theory', 'present'),
('TO003', 'ST012', 'ICT2122', '2025-03-27', 'theory', 'present'),
('TO003', 'ST013', 'ICT2122', '2025-03-27', 'theory', 'present'),
('TO003', 'ST014', 'ICT2122', '2025-03-27', 'theory', 'present'),
('TO003', 'ST015', 'ICT2122', '2025-03-27', 'theory', 'present'),
('TO003', 'ST016', 'ICT2122', '2025-03-27', 'theory', 'present'),
('TO003', 'ST017', 'ICT2122', '2025-03-27', 'theory', 'present'),
('TO003', 'ST018', 'ICT2122', '2025-03-27', 'theory', 'present'),
('TO003', 'ST019', 'ICT2122', '2025-03-27', 'theory', 'absent'),
('TO003', 'ST020', 'ICT2122', '2025-03-27', 'theory', 'present'),

('TO003', 'ST001', 'ICT2133', '2025-03-28', 'practical', 'present'),
('TO003', 'ST002', 'ICT2133', '2025-03-28', 'practical', 'present'),
('TO003', 'ST003', 'ICT2133', '2025-03-28', 'practical', 'present'),
('TO003', 'ST004', 'ICT2133', '2025-03-28', 'practical', 'present'),
('TO003', 'ST005', 'ICT2133', '2025-03-28', 'practical', 'present'),
('TO003', 'ST006', 'ICT2133', '2025-03-28', 'practical', 'present'),
('TO003', 'ST007', 'ICT2133', '2025-03-28', 'practical', 'present'),
('TO003', 'ST008', 'ICT2133', '2025-03-28', 'practical', 'present'),
('TO003', 'ST009', 'ICT2133', '2025-03-28', 'practical', 'present'),
('TO003', 'ST010', 'ICT2133', '2025-03-28', 'practical', 'present'),
('TO003', 'ST011', 'ICT2133', '2025-03-28', 'practical', 'present'),
('TO003', 'ST012', 'ICT2133', '2025-03-28', 'practical', 'present'),
('TO003', 'ST013', 'ICT2133', '2025-03-28', 'practical', 'present'),
('TO003', 'ST014', 'ICT2133', '2025-03-28', 'practical', 'present'),
('TO003', 'ST015', 'ICT2133', '2025-03-28', 'practical', 'present'),
('TO003', 'ST016', 'ICT2133', '2025-03-28', 'practical', 'present'),
('TO003', 'ST017', 'ICT2133', '2025-03-28', 'practical', 'present'),
('TO003', 'ST018', 'ICT2133', '2025-03-28', 'practical', 'present'),
('TO003', 'ST019', 'ICT2133', '2025-03-28', 'practical', 'present'),
('TO003', 'ST020', 'ICT2133', '2025-03-28', 'practical', 'present'),

('TO003', 'ST001', 'ICT2113', '2025-03-31', 'theory', 'present'),
('TO003', 'ST002', 'ICT2113', '2025-03-31', 'theory', 'present'),
('TO003', 'ST003', 'ICT2113', '2025-03-31', 'theory', 'present'),
('TO003', 'ST004', 'ICT2113', '2025-03-31', 'theory', 'present'),
('TO003', 'ST005', 'ICT2113', '2025-03-31', 'theory', 'absent'),
('TO003', 'ST006', 'ICT2113', '2025-03-31', 'theory', 'present'),
('TO003', 'ST007', 'ICT2113', '2025-03-31', 'theory', 'present'),
('TO003', 'ST008', 'ICT2113', '2025-03-31', 'theory', 'present'),
('TO003', 'ST009', 'ICT2113', '2025-03-31', 'theory', 'present'),
('TO003', 'ST010', 'ICT2113', '2025-03-31', 'theory', 'present'),
('TO003', 'ST011', 'ICT2113', '2025-03-31', 'theory', 'present'),
('TO003', 'ST012', 'ICT2113', '2025-03-31', 'theory', 'present'),
('TO003', 'ST013', 'ICT2113', '2025-03-31', 'theory', 'present'),
('TO003', 'ST014', 'ICT2113', '2025-03-31', 'theory', 'present'),
('TO003', 'ST015', 'ICT2113', '2025-03-31', 'theory', 'present'),
('TO003', 'ST016', 'ICT2113', '2025-03-31', 'theory', 'present'),
('TO003', 'ST017', 'ICT2113', '2025-03-31', 'theory', 'present'),
('TO003', 'ST018', 'ICT2113', '2025-03-31', 'theory', 'present'),
('TO003', 'ST019', 'ICT2113', '2025-03-31', 'theory', 'present'),
('TO003', 'ST020', 'ICT2113', '2025-03-31', 'theory', 'present'),

('TO003', 'ST001', 'ICT2142', '2025-04-01', 'theory', 'present'),
('TO003', 'ST002', 'ICT2142', '2025-04-01', 'theory', 'present'),
('TO003', 'ST003', 'ICT2142', '2025-04-01', 'theory', 'present'),
('TO003', 'ST004', 'ICT2142', '2025-04-01', 'theory', 'present'),
('TO003', 'ST005', 'ICT2142', '2025-04-01', 'theory', 'present'),
('TO003', 'ST006', 'ICT2142', '2025-04-01', 'theory', 'present'),
('TO003', 'ST007', 'ICT2142', '2025-04-01', 'theory', 'present'),
('TO003', 'ST008', 'ICT2142', '2025-04-01', 'theory', 'present'),
('TO003', 'ST009', 'ICT2142', '2025-04-01', 'theory', 'present'),
('TO003', 'ST010', 'ICT2142', '2025-04-01', 'theory', 'present'),
('TO003', 'ST011', 'ICT2142', '2025-04-01', 'theory', 'present'),
('TO003', 'ST012', 'ICT2142', '2025-04-01', 'theory', 'present'),
('TO003', 'ST013', 'ICT2142', '2025-04-01', 'theory', 'present'),
('TO003', 'ST014', 'ICT2142', '2025-04-01', 'theory', 'present'),
('TO003', 'ST015', 'ICT2142', '2025-04-01', 'theory', 'present'),
('TO003', 'ST016', 'ICT2142', '2025-04-01', 'theory', 'present'),
('TO003', 'ST017', 'ICT2142', '2025-04-01', 'theory', 'present'),
('TO003', 'ST018', 'ICT2142', '2025-04-01', 'theory', 'present'),
('TO003', 'ST019', 'ICT2142', '2025-04-01', 'theory', 'present'),
('TO003', 'ST020', 'ICT2142', '2025-04-01', 'theory', 'present'),

('TO003', 'ST001', 'ICT2152', '2025-04-02', 'theory', 'present'),
('TO003', 'ST002', 'ICT2152', '2025-04-02', 'theory', 'present'),
('TO003', 'ST003', 'ICT2152', '2025-04-02', 'theory', 'present'),
('TO003', 'ST004', 'ICT2152', '2025-04-02', 'theory', 'present'),
('TO003', 'ST005', 'ICT2152', '2025-04-02', 'theory', 'present'),
('TO003', 'ST006', 'ICT2152', '2025-04-02', 'theory', 'present'),
('TO003', 'ST007', 'ICT2152', '2025-04-02', 'theory', 'present'),
('TO003', 'ST008', 'ICT2152', '2025-04-02', 'theory', 'present'),
('TO003', 'ST009', 'ICT2152', '2025-04-02', 'theory', 'present'),
('TO003', 'ST010', 'ICT2152', '2025-04-02', 'theory', 'present'),
('TO003', 'ST011', 'ICT2152', '2025-04-02', 'theory', 'present'),
('TO003', 'ST012', 'ICT2152', '2025-04-02', 'theory', 'present'),
('TO003', 'ST013', 'ICT2152', '2025-04-02', 'theory', 'present'),
('TO003', 'ST014', 'ICT2152', '2025-04-02', 'theory', 'present'),
('TO003', 'ST015', 'ICT2152', '2025-04-02', 'theory', 'present'),
('TO003', 'ST016', 'ICT2152', '2025-04-02', 'theory', 'present'),
('TO003', 'ST017', 'ICT2152', '2025-04-02', 'theory', 'present'),
('TO003', 'ST018', 'ICT2152', '2025-04-02', 'theory', 'present'),
('TO003', 'ST019', 'ICT2152', '2025-04-02', 'theory', 'present'),
('TO003', 'ST020', 'ICT2152', '2025-04-02', 'theory', 'present'),

('TO003', 'ST001', 'ICT2122', '2025-04-03', 'theory', 'present'),
('TO003', 'ST002', 'ICT2122', '2025-04-03', 'theory', 'present'),
('TO003', 'ST003', 'ICT2122', '2025-04-03', 'theory', 'present'),
('TO003', 'ST004', 'ICT2122', '2025-04-03', 'theory', 'present'),
('TO003', 'ST005', 'ICT2122', '2025-04-03', 'theory', 'present'),
('TO003', 'ST006', 'ICT2122', '2025-04-03', 'theory', 'present'),
('TO003', 'ST007', 'ICT2122', '2025-04-03', 'theory', 'present'),
('TO003', 'ST008', 'ICT2122', '2025-04-03', 'theory', 'present'),
('TO003', 'ST009', 'ICT2122', '2025-04-03', 'theory', 'present'),
('TO003', 'ST010', 'ICT2122', '2025-04-03', 'theory', 'present'),
('TO003', 'ST011', 'ICT2122', '2025-04-03', 'theory', 'present'),
('TO003', 'ST012', 'ICT2122', '2025-04-03', 'theory', 'present'),
('TO003', 'ST013', 'ICT2122', '2025-04-03', 'theory', 'present'),
('TO003', 'ST014', 'ICT2122', '2025-04-03', 'theory', 'present'),
('TO003', 'ST015', 'ICT2122', '2025-04-03', 'theory', 'present'),
('TO003', 'ST016', 'ICT2122', '2025-04-03', 'theory', 'present'),
('TO003', 'ST017', 'ICT2122', '2025-04-03', 'theory', 'present'),
('TO003', 'ST018', 'ICT2122', '2025-04-03', 'theory', 'present'),
('TO003', 'ST019', 'ICT2122', '2025-04-03', 'theory', 'present'),
('TO003', 'ST020', 'ICT2122', '2025-04-03', 'theory', 'present'),

('TO003', 'ST001', 'ICT2133', '2025-04-04', 'theory', 'present'),
('TO003', 'ST002', 'ICT2133', '2025-04-04', 'theory', 'present'),
('TO003', 'ST003', 'ICT2133', '2025-04-04', 'theory', 'present'),
('TO003', 'ST004', 'ICT2133', '2025-04-04', 'theory', 'present'),
('TO003', 'ST005', 'ICT2133', '2025-04-04', 'theory', 'present'),
('TO003', 'ST006', 'ICT2133', '2025-04-04', 'theory', 'present'),
('TO003', 'ST007', 'ICT2133', '2025-04-04', 'theory', 'present'),
('TO003', 'ST008', 'ICT2133', '2025-04-04', 'theory', 'present'),
('TO003', 'ST009', 'ICT2133', '2025-04-04', 'theory', 'present'),
('TO003', 'ST010', 'ICT2133', '2025-04-04', 'theory', 'present'),
('TO003', 'ST011', 'ICT2133', '2025-04-04', 'theory', 'present'),
('TO003', 'ST012', 'ICT2133', '2025-04-04', 'theory', 'present'),
('TO003', 'ST013', 'ICT2133', '2025-04-04', 'theory', 'present'),
('TO003', 'ST014', 'ICT2133', '2025-04-04', 'theory', 'present'),
('TO003', 'ST015', 'ICT2133', '2025-04-04', 'theory', 'absent'),
('TO003', 'ST016', 'ICT2133', '2025-04-04', 'theory', 'present'),
('TO003', 'ST017', 'ICT2133', '2025-04-04', 'theory', 'present'),
('TO003', 'ST018', 'ICT2133', '2025-04-04', 'theory', 'present'),
('TO003', 'ST019', 'ICT2133', '2025-04-04', 'theory', 'present'),
('TO003', 'ST020', 'ICT2133', '2025-04-04', 'theory', 'present'),

('TO004', 'ST001', 'ICT2113', '2025-04-07', 'practical', 'present'),
('TO004', 'ST002', 'ICT2113', '2025-04-07', 'practical', 'present'),
('TO004', 'ST003', 'ICT2113', '2025-04-07', 'practical', 'present'),
('TO004', 'ST004', 'ICT2113', '2025-04-07', 'practical', 'present'),
('TO004', 'ST005', 'ICT2113', '2025-04-07', 'practical', 'absent'),
('TO004', 'ST006', 'ICT2113', '2025-04-07', 'practical', 'present'),
('TO004', 'ST007', 'ICT2113', '2025-04-07', 'practical', 'present'),
('TO004', 'ST008', 'ICT2113', '2025-04-07', 'practical', 'present'),
('TO004', 'ST009', 'ICT2113', '2025-04-07', 'practical', 'present'),
('TO004', 'ST010', 'ICT2113', '2025-04-07', 'practical', 'present'),
('TO004', 'ST011', 'ICT2113', '2025-04-07', 'practical', 'present'),
('TO004', 'ST012', 'ICT2113', '2025-04-07', 'practical', 'present'),
('TO004', 'ST013', 'ICT2113', '2025-04-07', 'practical', 'present'),
('TO004', 'ST014', 'ICT2113', '2025-04-07', 'practical', 'absent'),
('TO004', 'ST015', 'ICT2113', '2025-04-07', 'practical', 'present'),
('TO004', 'ST016', 'ICT2113', '2025-04-07', 'practical', 'present'),
('TO004', 'ST017', 'ICT2113', '2025-04-07', 'practical', 'present'),
('TO004', 'ST018', 'ICT2113', '2025-04-07', 'practical', 'present'),
('TO004', 'ST019', 'ICT2113', '2025-04-07', 'practical', 'present'),
('TO004', 'ST020', 'ICT2113', '2025-04-07', 'practical', 'present'),

('TO004', 'ST001', 'ICT2142', '2025-04-08', 'theory', 'absent'),
('TO004', 'ST002', 'ICT2142', '2025-04-08', 'theory', 'present'),
('TO004', 'ST003', 'ICT2142', '2025-04-08', 'theory', 'present'),
('TO004', 'ST004', 'ICT2142', '2025-04-08', 'theory', 'present'),
('TO004', 'ST005', 'ICT2142', '2025-04-08', 'theory', 'present'),
('TO004', 'ST006', 'ICT2142', '2025-04-08', 'theory', 'present'),
('TO004', 'ST007', 'ICT2142', '2025-04-08', 'theory', 'present'),
('TO004', 'ST008', 'ICT2142', '2025-04-08', 'theory', 'present'),
('TO004', 'ST009', 'ICT2142', '2025-04-08', 'theory', 'present'),
('TO004', 'ST010', 'ICT2142', '2025-04-08', 'theory', 'present'),
('TO004', 'ST011', 'ICT2142', '2025-04-08', 'theory', 'present'),
('TO004', 'ST012', 'ICT2142', '2025-04-08', 'theory', 'present'),
('TO004', 'ST013', 'ICT2142', '2025-04-08', 'theory', 'present'),
('TO004', 'ST014', 'ICT2142', '2025-04-08', 'theory', 'present'),
('TO004', 'ST015', 'ICT2142', '2025-04-08', 'theory', 'present'),
('TO004', 'ST016', 'ICT2142', '2025-04-08', 'theory', 'present'),
('TO004', 'ST017', 'ICT2142', '2025-04-08', 'theory', 'present'),
('TO004', 'ST018', 'ICT2142', '2025-04-08', 'theory', 'present'),
('TO004', 'ST019', 'ICT2142', '2025-04-08', 'theory', 'present'),
('TO004', 'ST020', 'ICT2142', '2025-04-08', 'theory', 'present'),

('TO004', 'ST001', 'ICT2152', '2025-04-09', 'theory', 'present'),
('TO004', 'ST002', 'ICT2152', '2025-04-09', 'theory', 'present'),
('TO004', 'ST003', 'ICT2152', '2025-04-09', 'theory', 'present'),
('TO004', 'ST004', 'ICT2152', '2025-04-09', 'theory', 'present'),
('TO004', 'ST005', 'ICT2152', '2025-04-09', 'theory', 'present'),
('TO004', 'ST006', 'ICT2152', '2025-04-09', 'theory', 'present'),
('TO004', 'ST007', 'ICT2152', '2025-04-09', 'theory', 'present'),
('TO004', 'ST008', 'ICT2152', '2025-04-09', 'theory', 'present'),
('TO004', 'ST009', 'ICT2152', '2025-04-09', 'theory', 'present'),
('TO004', 'ST010', 'ICT2152', '2025-04-09', 'theory', 'present'),
('TO004', 'ST011', 'ICT2152', '2025-04-09', 'theory', 'present'),
('TO004', 'ST012', 'ICT2152', '2025-04-09', 'theory', 'present'),
('TO004', 'ST013', 'ICT2152', '2025-04-09', 'theory', 'present'),
('TO004', 'ST014', 'ICT2152', '2025-04-09', 'theory', 'present'),
('TO004', 'ST015', 'ICT2152', '2025-04-09', 'theory', 'present'),
('TO004', 'ST016', 'ICT2152', '2025-04-09', 'theory', 'present'),
('TO004', 'ST017', 'ICT2152', '2025-04-09', 'theory', 'present'),
('TO004', 'ST018', 'ICT2152', '2025-04-09', 'theory', 'present'),
('TO004', 'ST019', 'ICT2152', '2025-04-09', 'theory', 'present'),
('TO004', 'ST020', 'ICT2152', '2025-04-09', 'theory', 'present'),

('TO004', 'ST001', 'ICT2122', '2025-04-10', 'theory', 'present'),
('TO004', 'ST002', 'ICT2122', '2025-04-10', 'theory', 'present'),
('TO004', 'ST003', 'ICT2122', '2025-04-10', 'theory', 'present'),
('TO004', 'ST004', 'ICT2122', '2025-04-10', 'theory', 'present'),
('TO004', 'ST005', 'ICT2122', '2025-04-10', 'theory', 'present'),
('TO004', 'ST006', 'ICT2122', '2025-04-10', 'theory', 'present'),
('TO004', 'ST007', 'ICT2122', '2025-04-10', 'theory', 'absent'),
('TO004', 'ST008', 'ICT2122', '2025-04-10', 'theory', 'present'),
('TO004', 'ST009', 'ICT2122', '2025-04-10', 'theory', 'present'),
('TO004', 'ST010', 'ICT2122', '2025-04-10', 'theory', 'present'),
('TO004', 'ST011', 'ICT2122', '2025-04-10', 'theory', 'present'),
('TO004', 'ST012', 'ICT2122', '2025-04-10', 'theory', 'present'),
('TO004', 'ST013', 'ICT2122', '2025-04-10', 'theory', 'present'),
('TO004', 'ST014', 'ICT2122', '2025-04-10', 'theory', 'present'),
('TO004', 'ST015', 'ICT2122', '2025-04-10', 'theory', 'present'),
('TO004', 'ST016', 'ICT2122', '2025-04-10', 'theory', 'present'),
('TO004', 'ST017', 'ICT2122', '2025-04-10', 'theory', 'present'),
('TO004', 'ST018', 'ICT2122', '2025-04-10', 'theory', 'present'),
('TO004', 'ST019', 'ICT2122', '2025-04-10', 'theory', 'absent'),
('TO004', 'ST020', 'ICT2122', '2025-04-10', 'theory', 'present'),

('TO004', 'ST001', 'ICT2133', '2025-04-11', 'practical', 'present'),
('TO004', 'ST002', 'ICT2133', '2025-04-11', 'practical', 'present'),
('TO004', 'ST003', 'ICT2133', '2025-04-11', 'practical', 'present'),
('TO004', 'ST004', 'ICT2133', '2025-04-11', 'practical', 'present'),
('TO004', 'ST005', 'ICT2133', '2025-04-11', 'practical', 'present'),
('TO004', 'ST006', 'ICT2133', '2025-04-11', 'practical', 'present'),
('TO004', 'ST007', 'ICT2133', '2025-04-11', 'practical', 'present'),
('TO004', 'ST008', 'ICT2133', '2025-04-11', 'practical', 'present'),
('TO004', 'ST009', 'ICT2133', '2025-04-11', 'practical', 'present'),
('TO004', 'ST010', 'ICT2133', '2025-04-11', 'practical', 'present'),
('TO004', 'ST011', 'ICT2133', '2025-04-11', 'practical', 'present'),
('TO004', 'ST012', 'ICT2133', '2025-04-11', 'practical', 'present'),
('TO004', 'ST013', 'ICT2133', '2025-04-11', 'practical', 'present'),
('TO004', 'ST014', 'ICT2133', '2025-04-11', 'practical', 'present'),
('TO004', 'ST015', 'ICT2133', '2025-04-11', 'practical', 'present'),
('TO004', 'ST016', 'ICT2133', '2025-04-11', 'practical', 'present'),
('TO004', 'ST017', 'ICT2133', '2025-04-11', 'practical', 'present'),
('TO004', 'ST018', 'ICT2133', '2025-04-11', 'practical', 'present'),
('TO004', 'ST019', 'ICT2133', '2025-04-11', 'practical', 'present'),
('TO004', 'ST020', 'ICT2133', '2025-04-11', 'practical', 'present'),

('TO004', 'ST001', 'ICT2113', '2025-04-14', 'theory', 'present'),
('TO004', 'ST002', 'ICT2113', '2025-04-14', 'theory', 'present'),
('TO004', 'ST003', 'ICT2113', '2025-04-14', 'theory', 'present'),
('TO004', 'ST004', 'ICT2113', '2025-04-14', 'theory', 'present'),
('TO004', 'ST005', 'ICT2113', '2025-04-14', 'theory', 'present'),
('TO004', 'ST006', 'ICT2113', '2025-04-14', 'theory', 'present'),
('TO004', 'ST007', 'ICT2113', '2025-04-14', 'theory', 'present'),
('TO004', 'ST008', 'ICT2113', '2025-04-14', 'theory', 'present'),
('TO004', 'ST009', 'ICT2113', '2025-04-14', 'theory', 'present'),
('TO004', 'ST010', 'ICT2113', '2025-04-14', 'theory', 'present'),
('TO004', 'ST011', 'ICT2113', '2025-04-14', 'theory', 'present'),
('TO004', 'ST012', 'ICT2113', '2025-04-14', 'theory', 'present'),
('TO004', 'ST013', 'ICT2113', '2025-04-14', 'theory', 'present'),
('TO004', 'ST014', 'ICT2113', '2025-04-14', 'theory', 'absent'),
('TO004', 'ST015', 'ICT2113', '2025-04-14', 'theory', 'present'),
('TO004', 'ST016', 'ICT2113', '2025-04-14', 'theory', 'present'),
('TO004', 'ST017', 'ICT2113', '2025-04-14', 'theory', 'present'),
('TO004', 'ST018', 'ICT2113', '2025-04-14', 'theory', 'present'),
('TO004', 'ST019', 'ICT2113', '2025-04-14', 'theory', 'present'),
('TO004', 'ST020', 'ICT2113', '2025-04-14', 'theory', 'present'),

('TO004', 'ST001', 'ICT2142', '2025-04-15', 'theory', 'absent'),
('TO004', 'ST002', 'ICT2142', '2025-04-15', 'theory', 'present'),
('TO004', 'ST003', 'ICT2142', '2025-04-15', 'theory', 'present'),
('TO004', 'ST004', 'ICT2142', '2025-04-15', 'theory', 'present'),
('TO004', 'ST005', 'ICT2142', '2025-04-15', 'theory', 'present'),
('TO004', 'ST006', 'ICT2142', '2025-04-15', 'theory', 'present'),
('TO004', 'ST007', 'ICT2142', '2025-04-15', 'theory', 'present'),
('TO004', 'ST008', 'ICT2142', '2025-04-15', 'theory', 'present'),
('TO004', 'ST009', 'ICT2142', '2025-04-15', 'theory', 'present'),
('TO004', 'ST010', 'ICT2142', '2025-04-15', 'theory', 'present'),
('TO004', 'ST011', 'ICT2142', '2025-04-15', 'theory', 'present'),
('TO004', 'ST012', 'ICT2142', '2025-04-15', 'theory', 'present'),
('TO004', 'ST013', 'ICT2142', '2025-04-15', 'theory', 'present'),
('TO004', 'ST014', 'ICT2142', '2025-04-15', 'theory', 'present'),
('TO004', 'ST015', 'ICT2142', '2025-04-15', 'theory', 'present'),
('TO004', 'ST016', 'ICT2142', '2025-04-15', 'theory', 'present'),
('TO004', 'ST017', 'ICT2142', '2025-04-15', 'theory', 'present'),
('TO004', 'ST018', 'ICT2142', '2025-04-15', 'theory', 'present'),
('TO004', 'ST019', 'ICT2142', '2025-04-15', 'theory', 'present'),
('TO004', 'ST020', 'ICT2142', '2025-04-15', 'theory', 'present'),

('TO004', 'ST001', 'ICT2152', '2025-04-16', 'theory', 'present'),
('TO004', 'ST002', 'ICT2152', '2025-04-16', 'theory', 'present'),
('TO004', 'ST003', 'ICT2152', '2025-04-16', 'theory', 'present'),
('TO004', 'ST004', 'ICT2152', '2025-04-16', 'theory', 'present'),
('TO004', 'ST005', 'ICT2152', '2025-04-16', 'theory', 'present'),
('TO004', 'ST006', 'ICT2152', '2025-04-16', 'theory', 'present'),
('TO004', 'ST007', 'ICT2152', '2025-04-16', 'theory', 'present'),
('TO004', 'ST008', 'ICT2152', '2025-04-16', 'theory', 'present'),
('TO004', 'ST009', 'ICT2152', '2025-04-16', 'theory', 'present'),
('TO004', 'ST010', 'ICT2152', '2025-04-16', 'theory', 'present'),
('TO004', 'ST011', 'ICT2152', '2025-04-16', 'theory', 'present'),
('TO004', 'ST012', 'ICT2152', '2025-04-16', 'theory', 'present'),
('TO004', 'ST013', 'ICT2152', '2025-04-16', 'theory', 'present'),
('TO004', 'ST014', 'ICT2152', '2025-04-16', 'theory', 'present'),
('TO004', 'ST015', 'ICT2152', '2025-04-16', 'theory', 'present'),
('TO004', 'ST016', 'ICT2152', '2025-04-16', 'theory', 'present'),
('TO004', 'ST017', 'ICT2152', '2025-04-16', 'theory', 'present'),
('TO004', 'ST018', 'ICT2152', '2025-04-16', 'theory', 'present'),
('TO004', 'ST019', 'ICT2152', '2025-04-16', 'theory', 'present'),
('TO004', 'ST020', 'ICT2152', '2025-04-16', 'theory', 'present'),

('TO004', 'ST001', 'ICT2122', '2025-04-17', 'theory', 'present'),
('TO004', 'ST002', 'ICT2122', '2025-04-17', 'theory', 'present'),
('TO004', 'ST003', 'ICT2122', '2025-04-17', 'theory', 'present'),
('TO004', 'ST004', 'ICT2122', '2025-04-17', 'theory', 'present'),
('TO004', 'ST005', 'ICT2122', '2025-04-17', 'theory', 'present'),
('TO004', 'ST006', 'ICT2122', '2025-04-17', 'theory', 'present'),
('TO004', 'ST007', 'ICT2122', '2025-04-17', 'theory', 'absent'),
('TO004', 'ST008', 'ICT2122', '2025-04-17', 'theory', 'present'),
('TO004', 'ST009', 'ICT2122', '2025-04-17', 'theory', 'present'),
('TO004', 'ST010', 'ICT2122', '2025-04-17', 'theory', 'present'),
('TO004', 'ST011', 'ICT2122', '2025-04-17', 'theory', 'present'),
('TO004', 'ST012', 'ICT2122', '2025-04-17', 'theory', 'present'),
('TO004', 'ST013', 'ICT2122', '2025-04-17', 'theory', 'present'),
('TO004', 'ST014', 'ICT2122', '2025-04-17', 'theory', 'present'),
('TO004', 'ST015', 'ICT2122', '2025-04-17', 'theory', 'present'),
('TO004', 'ST016', 'ICT2122', '2025-04-17', 'theory', 'present'),
('TO004', 'ST017', 'ICT2122', '2025-04-17', 'theory', 'present'),
('TO004', 'ST018', 'ICT2122', '2025-04-17', 'theory', 'present'),
('TO004', 'ST019', 'ICT2122', '2025-04-17', 'theory', 'absent'),
('TO004', 'ST020', 'ICT2122', '2025-04-17', 'theory', 'present'),

('TO004', 'ST001', 'ICT2133', '2025-04-18', 'theory', 'present'),
('TO004', 'ST002', 'ICT2133', '2025-04-18', 'theory', 'present'),
('TO004', 'ST003', 'ICT2133', '2025-04-18', 'theory', 'present'),
('TO004', 'ST004', 'ICT2133', '2025-04-18', 'theory', 'present'),
('TO004', 'ST005', 'ICT2133', '2025-04-18', 'theory', 'present'),
('TO004', 'ST006', 'ICT2133', '2025-04-18', 'theory', 'present'),
('TO004', 'ST007', 'ICT2133', '2025-04-18', 'theory', 'present'),
('TO004', 'ST008', 'ICT2133', '2025-04-18', 'theory', 'present'),
('TO004', 'ST009', 'ICT2133', '2025-04-18', 'theory', 'present'),
('TO004', 'ST010', 'ICT2133', '2025-04-18', 'theory', 'present'),
('TO004', 'ST011', 'ICT2133', '2025-04-18', 'theory', 'present'),
('TO004', 'ST012', 'ICT2133', '2025-04-18', 'theory', 'present'),
('TO004', 'ST013', 'ICT2133', '2025-04-18', 'theory', 'present'),
('TO004', 'ST014', 'ICT2133', '2025-04-18', 'theory', 'present'),
('TO004', 'ST015', 'ICT2133', '2025-04-18', 'theory', 'present'),
('TO004', 'ST016', 'ICT2133', '2025-04-18', 'theory', 'present'),
('TO004', 'ST017', 'ICT2133', '2025-04-18', 'theory', 'present'),
('TO004', 'ST018', 'ICT2133', '2025-04-18', 'theory', 'present'),
('TO004', 'ST019', 'ICT2133', '2025-04-18', 'theory', 'present'),
('TO004', 'ST020', 'ICT2133', '2025-04-18', 'theory', 'present');

ALTER TABLE attendance 
ADD FOREIGN KEY (stuId) REFERENCES undergraduate(stuId) ON UPDATE CASCADE,
ADD FOREIGN KEY (courseCode) REFERENCES course(course_code) ON UPDATE CASCADE,
ADD FOREIGN KEY (techId) REFERENCES technical_officer(techId) ON UPDATE CASCADE;

CREATE TABLE medical(
med_id INT AUTO_INCREMENT,
atten_id INT,
stuId VARCHAR(10),
courseCode VARCHAR(10),
session_type ENUM('theory','practical'),
submissionDate DATE,
description VARCHAR(100),
PRIMARY KEY (med_id)
);

INSERT INTO medical VALUES
(1, 874, 'ST012', 'ICT2122', 'theory','2025-03-06', 'Skin allergy treatment follow-up'),
(2, 884, 'ST002', 'ICT2133', 'theory', '2025-03-07', 'Blood test for cholesterol levels'),
(3, 129, 'ST009', 'ICT2142', 'practical', '2025-01-14', 'Doctor appointment for skin infection'),
(4, 172, 'ST012', 'ICT2122', 'theory', '2025-01-16', 'Vaccination for travel purposes'),
(5, 723, 'ST001', 'ICT2142', 'practical', '2025-02-25', 'Minor injury that needed follow-up treatment'),
(6, 575, 'ST013', 'ICT2122', 'theory', '2025-02-13', 'Fever and viral infection');

ALTER TABLE medical
ADD FOREIGN KEY(stuId) REFERENCES undergraduate(stuId) ON UPDATE CASCADE,
ADD FOREIGN KEY(courseCode) REFERENCES course(course_code) ON UPDATE CASCADE,
ADD FOREIGN KEY(atten_id) REFERENCES attendance(atten_id) ON UPDATE CASCADE;

CREATE TABLE marks(
stuId VARCHAR(10),
courseCode VARCHAR(10),
quiz1 VARCHAR(3),
quiz2 VARCHAR(3),
quiz3 VARCHAR(3),
assessment VARCHAR(3),
mid VARCHAR(3),
end_theory VARCHAR(3),
end_practical VARCHAR(3),
final_grade CHAR(2)
);

INSERT INTO marks(stuId, courseCode, quiz1, quiz2, quiz3, assessment, mid, end_theory, end_practical) VALUES
('ST001', 'ICT2113', '95', '84', '89', NULL, '80', '86', '65'),
('ST002', 'ICT2113', '78', '89', '81', NULL, '65', '83', '61'),
('ST003', 'ICT2113', '65', '65', '65', NULL, '73', '87', '64'),
('ST004', 'ICT2113', '67', '74', '87', NULL, '74', '91', '53'),
('ST005', 'ICT2113', '68', '84', '62', NULL, '68', '76', '71'),
('ST006', 'ICT2113', '93', '67', '64', NULL, '65', '87', '46'),
('ST007', 'ICT2113', '56', '43', '59', NULL, '81', '75', '54'),
('ST008', 'ICT2113', '59', '54', '73', NULL, '75', '81', '67'),
('ST009', 'ICT2113', '43', '92', '91', NULL, '72', '71', '64'),
('ST010', 'ICT2113', '40', '78', '45', NULL, '68', '70', '61'),
('ST011', 'ICT2113', '59', '72', '68', NULL, '59', '65', '41'),
('ST012', 'ICT2113', '89', '88', '81', NULL, '50', '68', '32'),
('ST013', 'ICT2113', '76', '83', '86', NULL, '48', '53', '42'),
('ST014', 'ICT2113', '65', '72', '76', NULL, '75', '69', '51'),
('ST015', 'ICT2113', '73', '56', '71', NULL, '89', '86', '68'),
('ST016', 'ICT2113', '71', '63', '65', NULL, '68', '84', '54'),
('ST017', 'ICT2113', '69', '74', '76', NULL, '78', '91', '50'),
('ST018', 'ICT2113', '62', '87', '86', NULL, '70', '86', '62'),
('ST019', 'ICT2113', '71', '84', '79', NULL, '72', '87', '63'),
('ST020', 'ICT2113', '81', '81', '65', NULL, '89', '76', '63'),

('ST001', 'ICT2122', '95', '84', '89', '68', '74', '86', NULL),
('ST002', 'ICT2122', '90', '55', '84', '58', '92', '87', NULL),
('ST003', 'ICT2122', '85', '60', '69', '72', '57', '89', NULL),
('ST004', 'ICT2122', '91', '77', '50', '60', '83', '70', NULL),
('ST005', 'ICT2122', '59', '56', '67', '75', '85', '91', NULL),
('ST006', 'ICT2122', '53', '80', '74', '88', '86', '66', NULL),
('ST007', 'ICT2122', '88', '73', '85', '84', '77', '62', NULL),
('ST008', 'ICT2122', '71', '92', '93', '79', '60', '76', NULL),
('ST009', 'ICT2122', '60', '87', '64', '55', '72', '69', NULL),
('ST010', 'ICT2122', '63', '68', '57', '66', '74', '88', NULL),
('ST011', 'ICT2122', '69', '84', '75', '83', '61', '58', NULL),
('ST012', 'ICT2122', '55', '66', '92', '85', '64', '91', NULL),
('ST013', 'ICT2122', '57', '78', '53', '87', '90', '85', NULL),
('ST014', 'ICT2122', '92', '58', '77', '86', '88', '80', NULL),
('ST015', 'ICT2122', '66', '90', '63', '59', '70', '74', NULL),
('ST016', 'ICT2122', '77', '83', '49', '81', '82', '79', NULL),
('ST017', 'ICT2122', '87', '89', '56', '68', '91', '67', NULL),
('ST018', 'ICT2122', '74', '71', '55', '89', '63', '90', NULL),
('ST019', 'ICT2122', '64', '72', '59', '63', '67', '61', NULL),
('ST020', 'ICT2122', '58', '65', '70', '64', '69', '78', NULL),

('ST001', 'ICT2133', '87', '65', '77', '70', NULL, '68', '82'),
('ST002', 'ICT2133', '75', '81', '73', '69', NULL, '65', '79'),
('ST003', 'ICT2133', '88', '66', '69', '72', NULL, '70', '75'),
('ST004', 'ICT2133', '72', '64', '88', '81', NULL, '63', '70'),
('ST005', 'ICT2133', '79', '89', '65', '76', NULL, '85', '64'),
('ST006', 'ICT2133', '81', '78', '68', '65', NULL, '72', '76'),
('ST007', 'ICT2133', '70', '63', '84', '73', NULL, '87', '75'),
('ST008', 'ICT2133', '74', '85', '66', '69', NULL, '76', '79'),
('ST009', 'ICT2133', '63', '77', '81', '65', NULL, '88', '72'),
('ST010', 'ICT2133', '89', '73', '79', '72', NULL, '63', '88'),
('ST011', 'ICT2133', '77', '74', '66', '84', NULL, '78', '70'),
('ST012', 'ICT2133', '85', '82', '68', '75', NULL, '74', '81'),
('ST013', 'ICT2133', '69', '65', '83', '68', NULL, '72', '73'),
('ST014', 'ICT2133', '88', '73', '67', '71', NULL, '77', '64'),
('ST015', 'ICT2133', '64', '79', '89', '74', NULL, '70', '78'),
('ST016', 'ICT2133', '80', '66', '76', '65', NULL, '73', '79'),
('ST017', 'ICT2133', '66', '77', '65', '78', NULL, '69', '72'),
('ST018', 'ICT2133', '74', '81', '79', '70', NULL, '65', '88'),
('ST019', 'ICT2133', '71', '64', '84', '63', NULL, '67', '85'),
('ST020', 'ICT2133', '73', '85', '88', '76', NULL, '75', '74'),

('ST001', 'ICT2142', NULL, NULL, NULL, '81', '75', NULL, '79'),
('ST002', 'ICT2142', NULL, NULL, NULL, '78', '82', NULL, '80'),
('ST003', 'ICT2142', NULL, NULL, NULL, '84', '70', NULL, '77'),
('ST004', 'ICT2142', NULL, NULL, NULL, '77', '84', NULL, '75'),
('ST005', 'ICT2142', NULL, NULL, NULL, '63', '79', NULL, '80'),
('ST006', 'ICT2142', NULL, NULL, NULL, '65', '74', NULL, '85'),
('ST007', 'ICT2142', NULL, NULL, NULL, '69', '73', NULL, '77'),
('ST008', 'ICT2142', NULL, NULL, NULL, '78', '65', NULL, '88'),
('ST009', 'ICT2142', NULL, NULL, NULL, '70', '87', NULL, '84'),
('ST010', 'ICT2142', NULL, NULL, NULL, '74', '66', NULL, '81'),
('ST011', 'ICT2142', NULL, NULL, NULL, '66', '75', NULL, '78'),
('ST012', 'ICT2142', NULL, NULL, NULL, '88', '68', NULL, '83'),
('ST013', 'ICT2142', NULL, NULL, NULL, '72', '64', NULL, '77'),
('ST014', 'ICT2142', NULL, NULL, NULL, '65', '76', NULL, '75'),
('ST015', 'ICT2142', NULL, NULL, NULL, '77', '88', NULL, '63'),
('ST016', 'ICT2142', NULL, NULL, NULL, '83', '79', NULL, '82'),
('ST017', 'ICT2142', NULL, NULL, NULL, '79', '73', NULL, '81'),
('ST018', 'ICT2142', NULL, NULL, NULL, '78', '84', NULL, '80'),
('ST019', 'ICT2142', NULL, NULL, NULL, '70', '66', NULL, '76'),
('ST020', 'ICT2142', NULL, NULL, NULL, '69', '65', NULL, '74'),

('ST001', 'ICT2152', '65', '78', '88', '70', NULL, '73', NULL),
('ST002', 'ICT2152', '74', '81', '66', '77', NULL, '85', NULL),
('ST003', 'ICT2152', '89', '73', '78', '65', NULL, '80', NULL),
('ST004', 'ICT2152', '72', '75', '77', '84', NULL, '66', NULL),
('ST005', 'ICT2152', '80', '66', '63', '78', NULL, '75', NULL),
('ST006', 'ICT2152', '83', '79', '85', '69', NULL, '65', NULL),
('ST007', 'ICT2152', '76', '70', '74', '63', NULL, '88', NULL),
('ST008', 'ICT2152', '81', '69', '72', '66', NULL, '67', NULL),
('ST009', 'ICT2152', '78', '88', '64', '81', NULL, '70', NULL),
('ST010', 'ICT2152', '65', '84', '88', '78', NULL, '79', NULL),
('ST011', 'ICT2152', '69', '77', '85', '74', NULL, '73', NULL),
('ST012', 'ICT2152', '72', '68', '79', '65', NULL, '76', NULL),
('ST013', 'ICT2152', '77', '73', '68', '81', NULL, '78', NULL),
('ST014', 'ICT2152', '84', '79', '65', '63', NULL, '70', NULL),
('ST015', 'ICT2152', '70', '66', '74', '88', NULL, '72', NULL),
('ST016', 'ICT2152', '75', '88', '76', '84', NULL, '66', NULL),
('ST017', 'ICT2152', '68', '72', '83', '77', NULL, '65', NULL),
('ST018', 'ICT2152', '81', '64', '77', '78', NULL, '74', NULL),
('ST019', 'ICT2152', '78', '74', '66', '70', NULL, '88', NULL),
('ST020', 'ICT2152', '85', '79', '64', '63', NULL, '69', NULL);

ALTER TABLE marks
ADD FOREIGN KEY(stuId) REFERENCES undergraduate(stuId),
ADD FOREIGN KEY(courseCode) REFERENCES course(course_code);


CREATE TABLE eligibility(
stuId VARCHAR(10),
courseCode VARCHAR(10),
eligibility_status CHAR(20)
);

INSERT INTO eligibility(stuId, courseCode) VALUES
('ST001', 'ICT2113'),
('ST002', 'ICT2113'), 
('ST003', 'ICT2113'), 
('ST004', 'ICT2113'), 
('ST005', 'ICT2113'), 
('ST006', 'ICT2113'), 
('ST007', 'ICT2113'), 
('ST008', 'ICT2113'), 
('ST009', 'ICT2113'), 
('ST010', 'ICT2113'), 
('ST011', 'ICT2113'), 
('ST012', 'ICT2113'), 
('ST013', 'ICT2113'), 
('ST014', 'ICT2113'), 
('ST015', 'ICT2113'), 
('ST016', 'ICT2113'), 
('ST017', 'ICT2113'), 
('ST018', 'ICT2113'), 
('ST019', 'ICT2113'), 
('ST020', 'ICT2113'), 

('ST001', 'ICT2142'), 
('ST002', 'ICT2142'), 
('ST003', 'ICT2142'), 
('ST004', 'ICT2142'), 
('ST005', 'ICT2142'), 
('ST006', 'ICT2142'), 
('ST007', 'ICT2142'), 
('ST008', 'ICT2142'), 
('ST009', 'ICT2142'), 
('ST010', 'ICT2142'), 
('ST011', 'ICT2142'), 
('ST012', 'ICT2142'), 
('ST013', 'ICT2142'), 
('ST014', 'ICT2142'), 
('ST015', 'ICT2142'), 
('ST016', 'ICT2142'), 
('ST017', 'ICT2142'), 
('ST018', 'ICT2142'), 
('ST019', 'ICT2142'), 
('ST020', 'ICT2142'), 

('ST001', 'ICT2152'), 
('ST002', 'ICT2152'), 
('ST003', 'ICT2152'), 
('ST004', 'ICT2152'), 
('ST005', 'ICT2152'), 
('ST006', 'ICT2152'), 
('ST007', 'ICT2152'), 
('ST008', 'ICT2152'), 
('ST009', 'ICT2152'), 
('ST010', 'ICT2152'), 
('ST011', 'ICT2152'), 
('ST012', 'ICT2152'), 
('ST013', 'ICT2152'), 
('ST014', 'ICT2152'), 
('ST015', 'ICT2152'), 
('ST016', 'ICT2152'), 
('ST017', 'ICT2152'), 
('ST018', 'ICT2152'), 
('ST019', 'ICT2152'), 
('ST020', 'ICT2152'), 

('ST001', 'ICT2122'), 
('ST002', 'ICT2122'), 
('ST003', 'ICT2122'), 
('ST004', 'ICT2122'), 
('ST005', 'ICT2122'), 
('ST006', 'ICT2122'), 
('ST007', 'ICT2122'), 
('ST008', 'ICT2122'), 
('ST009', 'ICT2122'), 
('ST010', 'ICT2122'), 
('ST011', 'ICT2122'), 
('ST012', 'ICT2122'), 
('ST013', 'ICT2122'), 
('ST014', 'ICT2122'), 
('ST015', 'ICT2122'), 
('ST016', 'ICT2122'), 
('ST017', 'ICT2122'), 
('ST018', 'ICT2122'), 
('ST019', 'ICT2122'), 
('ST020', 'ICT2122'),

('ST001', 'ICT2133'),
('ST002', 'ICT2133'), 
('ST003', 'ICT2133'), 
('ST004', 'ICT2133'), 
('ST005', 'ICT2133'), 
('ST006', 'ICT2133'), 
('ST007', 'ICT2133'), 
('ST008', 'ICT2133'), 
('ST009', 'ICT2133'), 
('ST010', 'ICT2133'), 
('ST011', 'ICT2133'), 
('ST012', 'ICT2133'), 
('ST013', 'ICT2133'), 
('ST014', 'ICT2133'), 
('ST015', 'ICT2133'), 
('ST016', 'ICT2133'), 
('ST017', 'ICT2133'), 
('ST018', 'ICT2133'), 
('ST019', 'ICT2133'), 
('ST020', 'ICT2133');

ALTER TABLE eligibility 
ADD FOREIGN KEY (stuId) REFERENCES undergraduate(stuId),
ADD FOREIGN KEY (courseCode) REFERENCES course(course_code);
